Epsilon_XX_nanostrain_AVN2,Epsilon_XX_nanostrain_AVN87,Epsilon_XX_nanostrain_AVN32,Epsilon_XX_nanostrain_AVN31,Epsilon_XX_nanostrain_AVN22,Epsilon_YY_nanostrain_AVN2,Epsilon_YY_nanostrain_AVN87,Epsilon_YY_nanostrain_AVN32,Epsilon_YY_nanostrain_AVN31,Epsilon_YY_nanostrain_AVN22,Epsilon_ZZ_nanostrain_AVN2,Epsilon_ZZ_nanostrain_AVN87,Epsilon_ZZ_nanostrain_AVN32,Epsilon_ZZ_nanostrain_AVN31,Epsilon_ZZ_nanostrain_AVN22,Epsilon_XY_nanostrain_AVN2,Epsilon_XY_nanostrain_AVN87,Epsilon_XY_nanostrain_AVN32,Epsilon_XY_nanostrain_AVN31,Epsilon_XY_nanostrain_AVN22,Epsilon_XZ_nanostrain_AVN2,Epsilon_XZ_nanostrain_AVN87,Epsilon_XZ_nanostrain_AVN32,Epsilon_XZ_nanostrain_AVN31,Epsilon_XZ_nanostrain_AVN22,Epsilon_YZ_nanostrain_AVN2,Epsilon_YZ_nanostrain_AVN87,Epsilon_YZ_nanostrain_AVN32,Epsilon_YZ_nanostrain_AVN31,Epsilon_YZ_nanostrain_AVN22,Volume
1576475.3130245202,4651687.6713946955,2343751.0805738703,-1520806.9913469057,-697196.3775179514,-4492114.871486691,2510583.458850794,721914.1420306434,-3093452.404880702,1985747.9839008215,1135548.3581087359,7346281.692035838,-2515308.5967551684,-2941899.2723969733,360282.24946637836,-2631070.93167443,307846.5619451614,-2609569.6038007243,1648306.0803544903,-2665115.8336845883,-5060407.132059232,6540418.0860324595,1218949.9638131012,6235660.188348738,-405985.8650059923,2939509.636094883,-5298371.703656864,2652326.24432633,919689.7359638502,1074322.5791481815,546885.3394331045
22426747.059658233,125433.47371177247,-2884288.091409887,-668477.0975590604,-1513659.6303682167,-14589920.247784635,-3025471.059286076,26179214.6504317,2531249.8473231746,2676408.296426229,11394115.668681454,-5223317.098898158,18244633.44072417,-235120.79964641915,4852275.914496911,5590200.709667334,2863955.569620235,-21158172.14049261,5129934.197899735,-1445668.3552291468,-1903523.2486103307,5571066.465484873,-105484.70794280713,111914.64066791677,-3032715.897276177,6059882.889768134,1724490.875481518,-3582563.828131478,6586920.227441954,-1318369.31093081,546997.4234779639
47786781.79986631,1898329.7197817387,-7223401.633757295,-3669757.0370095978,-603580.8518657144,-27597455.62839139,4173699.789795956,38959346.22563981,3743548.821056107,7394916.383807968,22665983.20829938,3584105.945541331,38820302.360583626,-10379557.462413397,10535313.403706104,17107981.826694578,-646792.3083595459,-43085700.241244644,185446.77107246593,-5827459.5313392235,14198.388813343989,-790260.7930362392,-6565099.827139016,-2220804.5591707556,-5098580.212189082,-4439262.377439208,-2103100.5479154424,1687314.1660780436,2764775.952650925,2007677.617508365,547153.2326653603
73430518.4028337,-1995864.8247102993,-11240179.592628088,-4034223.558761618,-9586089.138656786,-42310892.32352963,-4866955.863889116,66677776.273803085,-2505104.548440805,17721859.987045668,32187445.191021997,-3009378.528643974,58574095.29467083,-3389805.8690038277,4323812.371768827,24041521.1786212,9565959.773349276,-67403705.89251967,2070901.7328440296,-298579.14101054356,145441.220270782,3083434.969384369,-288003.4597305151,679115.8358555239,645712.263260909,1786039.9208155244,1810880.5535302989,4583988.110997964,-1034745.8648406895,7205767.255417795,547283.9417619422
90719127.7400249,1640250.1349276311,-18405257.201836374,2261876.2229949613,-13154268.75378376,-53531381.03191432,1305571.8824546686,88947196.56572098,3190348.7809820417,20878218.994208343,34084715.237144664,1314274.7421350596,70625629.22606616,-986397.811784451,17773039.560386922,29406093.283238564,707260.020008875,-89221339.2749526,3251645.6504881084,-582586.1725562087,-1433309.571869274,2048106.4870858158,-4147007.062621321,-356528.0533289863,-2400568.300387866,-2065969.608005011,-2422557.983382576,-7832889.951179397,3812409.198720599,575907.5986581217,547384.4933233502
113584751.24071676,4562067.41600184,-19425537.747908976,3908289.5100955744,-14827812.17068263,-64991984.14384667,6255835.652057563,112634328.74151708,1476059.8648426044,29250409.113602087,45094989.946477935,6971239.824239424,91982281.66536695,-4191217.911469601,7558449.9571299385,37212913.23807047,1021606.005717658,-108921460.78306021,53179.76766799996,2760764.842393919,1970695.7813218897,4343532.660752231,2116822.752157835,-701340.564591272,-4514030.48136629,-1547236.2371763205,-5728499.140303751,-2514648.798764524,-1295169.1780258217,786178.2601822722,547504.1579941348
142205546.504908,1398991.9742641677,-22031047.577119213,-703933.2957535028,-12977087.538381945,-73542844.99146608,-3979271.749216489,128257723.77903585,2808228.034300521,33883135.749424994,59320382.793759115,4422156.187263989,110145324.01415221,4903767.407182521,16023065.275162276,48263709.357496575,9525870.393346772,-136185472.80713937,2303118.2687032977,3824800.4448090894,-3395754.495458096,-3062770.9418720156,1153205.2721748836,1949216.537773791,-2052182.6127086624,-1881577.1318937659,-5165687.120707926,1848968.4976899542,-6468635.384991586,-1459874.7044663692,547551.1692205296
162494690.17862216,7086421.937435291,-20642143.802493677,2630402.4913063375,-17486071.492567252,-92230033.08975476,-2772069.887075826,150023286.70894682,6252418.077124581,37546887.18652284,68930711.00103287,1500612.8000434716,128187952.5789078,-4862385.304499461,21122808.15699901,49699220.16409964,9337875.747078583,-157988139.47191542,1897172.9321965983,9151427.261978488,-460439.5113658864,2177058.134174182,-2995022.9125061445,2404148.270765785,-3432724.1703602923,-2743812.1183090624,152402.33732642612,-624065.9096946346,-3199495.1758702006,-2699519.4746430945,547609.2200196194
181434549.62611508,4829720.844168492,-26334846.347467847,513913.9452418984,-22857887.837236136,-105221566.85555826,-797725.3282383505,177901299.26486027,-513258.76291693945,40487333.29501161,78549008.80404991,3353955.0934030823,154473491.59031314,-1766206.7021083708,22898216.898054026,60681243.85703639,9781168.325704556,-177732912.29930514,2432527.541907272,6669972.868119137,372018.8011835835,3358850.3928115205,-1644657.7521765898,-1683749.5431558457,5354550.855567895,152088.18959015503,824069.2790911199,1201215.5922478093,-5937560.33964357,2632724.466961211,547645.916260564
207512123.9081225,6652256.826565375,-36449153.70522804,-2760566.6890960936,-22194584.800384317,-119530132.15334505,-2851184.5913268873,199217923.92179093,-2093463.3272234087,43763921.522477694,98756469.3954656,8484128.348584548,168764397.96862364,-843.298276918591,22780874.349923395,65671248.945601195,10769621.349496428,-198061737.1426323,-65546.91205088608,2279217.541366441,1621731.5651395102,-5582335.142098786,-3377200.9825775074,-1827582.3918422167,2798028.5362544935,-2639424.965641428,-2870397.3280863813,-1890754.3547666622,-1115665.6683779133,-2719972.791978739,547712.9446438504
227184915.19437936,6510339.632770439,-33253200.726683114,354688.5659608975,-26162557.888210967,-138638539.18757433,-6314007.404509086,221100962.42981207,-2491202.9630509424,52551464.68903321,97954829.79685093,4712196.188647597,182086045.1931242,4112337.049263555,26847463.306714784,72990198.9923451,9711545.979135204,-218329124.53014818,2730943.543562981,1715492.1036098031,2246308.401962187,-3755917.2728651185,-216109.99021995996,-873012.2537819511,-25444.418081420532,855990.3439310823,2026469.7361164046,303906.70293772395,58423.743771181995,223885.08525259013,547701.4484602106
250043148.55146393,15140820.101756725,-38932136.28681016,4009889.8004472116,-26043436.578498833,-145887750.645531,-1314143.7650618185,243436100.93243194,-2224085.6670545638,62083524.39503503,109361293.49252741,8420261.534206524,207609751.05900934,-5065336.952292898,28694113.417444326,84536491.72684707,7877743.341300057,-236564976.7199733,4499019.175328514,6584833.436464237,-3582840.56660729,-6472661.474177581,3012541.8296269225,-7305911.723592395,4696903.565310078,-162072.54873221504,-5273675.607845552,-462093.55813129275,5320654.1004493395,-1519570.633600885,547669.451944783
275154798.499908,10061211.414561082,-43286557.600860335,-1064478.969744526,-33992977.729796425,-158867314.37096113,-5042547.370597874,262208867.63739857,153627.95883593726,65441833.27743947,118399337.9198607,8580923.773500826,230040734.5554884,3137273.2920431904,31139073.49036254,91037005.7292193,11941086.967757106,-260457015.60407853,7789434.626166163,1290098.6347782728,-4883648.347256672,-855623.9851003779,-3149119.4230669383,-4808986.592790318,245383.20449484806,-761240.4099607216,-210084.66931404034,3741220.7762021213,1037565.5034843391,1516287.078362617,547630.0442969992
268708677.01627153,6761593.907427636,-39255896.209897846,4013738.4727657023,-32850368.41196644,-151469131.23180205,-170308.70299220178,265484073.3267933,1481657.090409419,60901647.58315528,117604661.46705966,6380353.352308422,226903081.77420053,-522703.73741631047,35753501.9071541,91126242.87751459,9568126.450602269,-264064779.02799088,6232898.952704528,11300836.932124827,4040415.107504008,2276762.0235521453,1579102.9174051816,4338135.0897503905,-2733719.805755082,-2883302.061502848,-3843893.404898606,842437.8539717502,-695422.234782006,1055070.9390145484,547546.3654797951
229171889.48029384,11251243.767152974,-31907762.267968826,-9127637.835479388,-28408665.367788754,-136631994.5013325,-4347058.647594811,227008073.1717154,1218805.320732371,55932227.22573712,97661254.3293184,14018897.175098147,186141124.20968392,-3589211.4415830653,29361806.0501138,79754845.6087208,13100716.513387749,-225122271.02006054,9556452.566644207,8429855.633620512,1042160.1333443625,4767698.048669765,-1700564.4790988485,5220759.222998743,4833958.785773388,-1833011.6456309608,-2069110.5309705383,1101335.4351567402,2632340.4933118965,3289614.8752339347,547511.9291601726
198589316.18382847,3503865.5817242004,-27085856.258592386,1914247.8906129496,-27841494.152115837,-115197081.88202417,3698929.0555512593,190789687.0305353,2916208.352275565,48516308.81176898,86660096.85686767,8172625.534459367,161534281.40781704,1061782.1203883793,21906451.058918014,64634326.84836042,8077680.627864403,-195371133.9809219,-110422.10850537755,2512948.348060617,-2386261.5077328524,234740.18893615328,-2531479.8784539187,-790437.2457435161,1710273.5925593425,2395374.3083513016,150171.32548834578,-1281728.7630922436,-7017747.372006208,-1621544.210325801,547380.6113511599
167892697.24659854,6963762.608357101,-28317195.33054606,-316630.5550616216,-18868649.87873789,-99298791.88488775,-3527928.219117919,170780555.59454745,289665.9714212029,37580504.03444297,69492706.24567911,-1166557.45714268,143273853.6752548,286063.5680212315,23439896.332265873,57301277.73664893,4676443.2202838175,-164176822.30104983,4753980.750402148,-2019674.8232370843,4913913.577597825,5168552.203512766,-352548.84409060003,1829842.8925826093,-3292125.4127200544,1588028.199293053,-2731011.299553396,-1525801.903362003,747770.9151284659,-858965.0411706491,547266.9197796944
147112610.31656373,-839054.0161660453,-22888075.70132694,-1455293.77500718,-16086706.437871158,-88410259.50805876,-1911994.4602329847,142283447.62067312,4825356.97588706,34974843.20509496,60685503.74095864,5084223.900799867,116667585.87108731,-2200191.6948413933,18553434.896423534,46098850.316308826,5210679.344279454,-141063072.7629293,2277306.3461006107,7215256.959904738,359319.9219585706,-4380484.967420128,-3296637.710982003,987815.6165302644,-604188.3688900794,-3104098.3453013245,-1220697.1808280942,-1354269.2456995,2446557.191452894,-3108486.38079267,547151.2680165556
121891713.42013459,379268.37826711684,-17655629.31261624,-141120.17690164462,-14428370.152048415,-68702528.82260066,1822083.6343089011,116436310.0495557,-658833.117769842,29634517.1993817,50923143.47341766,1735901.303775371,102953631.31233324,-30560.476138639176,17590526.623396613,41235376.08336935,6631203.813033946,-118652772.1376595,8397795.18877443,2128546.9421074004,3736194.2016354077,-5406471.715173268,-1766550.6120886465,9771748.466772934,-2779120.97240866,313958.74503335,3193616.3463514196,1267787.8150154816,-4692766.556651391,-1411876.2511122383,547016.5889305689
102066751.92804839,4548375.6489257,-12878452.89983373,-6677363.85079134,-13079350.782229686,-59378648.12237316,-4555404.716158878,104742077.66877499,8787974.374836,21520761.89937418,45060596.83434864,5981415.110714401,89171871.81434378,-1438188.5842835759,14816517.613829324,33920905.43881707,2754350.9756394196,-104822425.5892712,-1329065.6250980517,6056672.403533571,208596.15880154213,-176522.3449606288,-3809839.2262778548,3553291.956976617,-4388806.342037635,2383645.794647983,-1831083.8103690846,-1322569.7382394313,3630040.4252487896,1195963.7353713934,546878.0579507292
