parameter,label,value,value_plot,strain_rmse,volume_rmse,baseline_value,baseline_value_plot
nu,Poisson ratio ν,0.15,0.15,62.008211161291996,,0.25,0.25
nu,Poisson ratio ν,0.1625,0.1625,60.021097264803544,,0.25,0.25
nu,Poisson ratio ν,0.175,0.175,58.106057307968534,,0.25,0.25
nu,Poisson ratio ν,0.1875,0.1875,56.27964645374991,,0.25,0.25
nu,Poisson ratio ν,0.19999999999999998,0.19999999999999998,54.56045845807587,,0.25,0.25
nu,Poisson ratio ν,0.2125,0.2125,52.969209178505736,,0.25,0.25
nu,Poisson ratio ν,0.22499999999999998,0.22499999999999998,51.528715110186134,,0.25,0.25
nu,Poisson ratio ν,0.2375,0.2375,50.263716822405804,,0.25,0.25
nu,Poisson ratio ν,0.25,0.25,49.20049579884035,,0.25,0.25
nu,Poisson ratio ν,0.26249999999999996,0.26249999999999996,48.36624510241615,,0.25,0.25
nu,Poisson ratio ν,0.27499999999999997,0.27499999999999997,47.78818577783242,,0.25,0.25
nu,Poisson ratio ν,0.2875,0.2875,47.49247408121877,,0.25,0.25
nu,Poisson ratio ν,0.3,0.3,47.50301219924258,,0.25,0.25
nu,Poisson ratio ν,0.3125,0.3125,47.8403374356733,,0.25,0.25
nu,Poisson ratio ν,0.32499999999999996,0.32499999999999996,48.52079408952343,,0.25,0.25
nu,Poisson ratio ν,0.33749999999999997,0.33749999999999997,49.55616571407243,,0.25,0.25
nu,Poisson ratio ν,0.35,0.35,50.95386164013024,,0.25,0.25
alpha,Biot coefficient α,0.32000000000000006,0.32000000000000006,72.31635644128536,,0.8,0.8
alpha,Biot coefficient α,0.38000000000000006,0.38000000000000006,68.15388181110433,,0.8,0.8
alpha,Biot coefficient α,0.44000000000000006,0.44000000000000006,64.24162043280234,,0.8,0.8
alpha,Biot coefficient α,0.5000000000000001,0.5000000000000001,60.62802964532033,,0.8,0.8
alpha,Biot coefficient α,0.56,0.56,57.369575163554785,,0.8,0.8
alpha,Biot coefficient α,0.6200000000000001,0.6200000000000001,54.5299580336443,,0.8,0.8
alpha,Biot coefficient α,0.6800000000000002,0.6800000000000002,52.17760520363676,,0.8,0.8
alpha,Biot coefficient α,0.7400000000000002,0.7400000000000002,50.380816183875794,,0.8,0.8
alpha,Biot coefficient α,0.8000000000000002,0.8000000000000002,49.20049579884034,,0.8,0.8
alpha,Biot coefficient α,0.8600000000000002,0.8600000000000002,48.681504981679204,,0.8,0.8
alpha,Biot coefficient α,0.9200000000000002,0.9200000000000002,48.844928709561394,,0.8,0.8
alpha,Biot coefficient α,0.9800000000000002,0.9800000000000002,49.684033521186045,,0.8,0.8
alpha,Biot coefficient α,1.0400000000000003,1.0400000000000003,51.16558712804797,,0.8,0.8
alpha,Biot coefficient α,1.1,1.1,53.235978607636426,,0.8,0.8
alpha,Biot coefficient α,1.1600000000000001,1.1600000000000001,55.8297369096336,,0.8,0.8
alpha,Biot coefficient α,1.2200000000000002,1.2200000000000002,58.8777345132811,,0.8,0.8
alpha,Biot coefficient α,1.2800000000000002,1.2800000000000002,62.31335099611677,,0.8,0.8
a_fixed,Semi-axis a (m),50.0,50.0,75.42632744577182,,150.0,150.0
a_fixed,Semi-axis a (m),65.625,65.625,69.35320076405625,,150.0,150.0
a_fixed,Semi-axis a (m),81.25,81.25,63.824260828316085,,150.0,150.0
a_fixed,Semi-axis a (m),96.875,96.875,58.96481893922119,,150.0,150.0
a_fixed,Semi-axis a (m),112.5,112.5,54.91062025674321,,150.0,150.0
a_fixed,Semi-axis a (m),128.125,128.125,51.794369639161275,,150.0,150.0
a_fixed,Semi-axis a (m),143.75,143.75,49.7226228732146,,150.0,150.0
a_fixed,Semi-axis a (m),159.375,159.375,48.74763703198614,,150.0,150.0
a_fixed,Semi-axis a (m),175.0,175.0,48.84646345973045,,150.0,150.0
a_fixed,Semi-axis a (m),190.625,190.625,49.92030168839999,,150.0,150.0
a_fixed,Semi-axis a (m),206.25,206.25,51.81595370225565,,150.0,150.0
a_fixed,Semi-axis a (m),221.875,221.875,54.35763376430478,,150.0,150.0
a_fixed,Semi-axis a (m),237.5,237.5,57.37461014672055,,150.0,150.0
a_fixed,Semi-axis a (m),253.125,253.125,60.71758661495841,,150.0,150.0
a_fixed,Semi-axis a (m),268.75,268.75,64.26462859430254,,150.0,150.0
a_fixed,Semi-axis a (m),284.375,284.375,67.92061175074427,,150.0,150.0
a_fixed,Semi-axis a (m),300.0,300.0,71.61378648694388,,150.0,150.0
b_fixed,Semi-axis b (m),50.0,50.0,83.82056876300918,,290.0,290.0
b_fixed,Semi-axis b (m),78.125,78.125,76.72321054611035,,290.0,290.0
b_fixed,Semi-axis b (m),106.25,106.25,70.16537296113914,,290.0,290.0
b_fixed,Semi-axis b (m),134.375,134.375,64.2823908963227,,290.0,290.0
b_fixed,Semi-axis b (m),162.5,162.5,59.20552942260264,,290.0,290.0
b_fixed,Semi-axis b (m),190.625,190.625,55.05932223436805,,290.0,290.0
b_fixed,Semi-axis b (m),218.75,218.75,51.954734929236295,,290.0,290.0
b_fixed,Semi-axis b (m),246.875,246.875,49.97594780368691,,290.0,290.0
b_fixed,Semi-axis b (m),275.0,275.0,49.16240960646565,,290.0,290.0
b_fixed,Semi-axis b (m),303.125,303.125,49.493525538584876,,290.0,290.0
b_fixed,Semi-axis b (m),331.25,331.25,50.8852570489151,,290.0,290.0
b_fixed,Semi-axis b (m),359.375,359.375,53.20179969872774,,290.0,290.0
b_fixed,Semi-axis b (m),387.5,387.5,56.27633721789031,,290.0,290.0
b_fixed,Semi-axis b (m),415.625,415.625,59.93161975156571,,290.0,290.0
b_fixed,Semi-axis b (m),443.75,443.75,63.99493111091673,,290.0,290.0
b_fixed,Semi-axis b (m),471.875,471.875,68.30706649793258,,290.0,290.0
b_fixed,Semi-axis b (m),500.0,500.0,72.7272473178462,,290.0,290.0
c_fixed,Semi-axis c (m),1.0,1.0,72.31677677220421,,2.5,2.5
c_fixed,Semi-axis c (m),2.1875,2.1875,51.51386406968534,,2.5,2.5
c_fixed,Semi-axis c (m),3.375,3.375,52.484545860524086,,2.5,2.5
c_fixed,Semi-axis c (m),4.5625,4.5625,74.38416272211155,,2.5,2.5
c_fixed,Semi-axis c (m),5.75,5.75,104.83084803819531,,2.5,2.5
c_fixed,Semi-axis c (m),6.9375,6.9375,138.29352032824303,,2.5,2.5
c_fixed,Semi-axis c (m),8.125,8.125,173.03467579987972,,2.5,2.5
c_fixed,Semi-axis c (m),9.3125,9.3125,208.4195142579057,,2.5,2.5
c_fixed,Semi-axis c (m),10.5,10.5,244.17192172417933,,2.5,2.5
c_fixed,Semi-axis c (m),11.6875,11.6875,280.154789330787,,2.5,2.5
c_fixed,Semi-axis c (m),12.875,12.875,316.2930579226945,,2.5,2.5
c_fixed,Semi-axis c (m),14.0625,14.0625,352.54253066767416,,2.5,2.5
c_fixed,Semi-axis c (m),15.25,15.25,388.8757026314821,,2.5,2.5
c_fixed,Semi-axis c (m),16.4375,16.4375,425.2747158368191,,2.5,2.5
c_fixed,Semi-axis c (m),17.625,17.625,461.7275949649811,,2.5,2.5
c_fixed,Semi-axis c (m),18.8125,18.8125,498.2261140814443,,2.5,2.5
c_fixed,Semi-axis c (m),20.0,20.0,534.7645271548471,,2.5,2.5
x0_prime,Center x₀′ (m),-1857.0,-1857.0,99.20931939520915,,-125.0,-125.0
x0_prime,Center x₀′ (m),-1640.5,-1640.5,99.8978363090181,,-125.0,-125.0
x0_prime,Center x₀′ (m),-1424.0,-1424.0,100.87406877392058,,-125.0,-125.0
x0_prime,Center x₀′ (m),-1207.5,-1207.5,102.15683080306367,,-125.0,-125.0
x0_prime,Center x₀′ (m),-991.0,-991.0,103.39338688121109,,-125.0,-125.0
x0_prime,Center x₀′ (m),-774.5,-774.5,102.90704185524837,,-125.0,-125.0
x0_prime,Center x₀′ (m),-558.0,-558.0,96.27741501667906,,-125.0,-125.0
x0_prime,Center x₀′ (m),-341.5,-341.5,77.39986306786253,,-125.0,-125.0
x0_prime,Center x₀′ (m),-125.0,-125.0,49.20049579884035,,-125.0,-125.0
x0_prime,Center x₀′ (m),91.5,91.5,45.479947743153005,,-125.0,-125.0
x0_prime,Center x₀′ (m),308.0,308.0,85.3803268249737,,-125.0,-125.0
x0_prime,Center x₀′ (m),524.5,524.5,116.55791416886426,,-125.0,-125.0
x0_prime,Center x₀′ (m),741.0,741.0,108.18067591067667,,-125.0,-125.0
x0_prime,Center x₀′ (m),957.5,957.5,100.19394802366597,,-125.0,-125.0
x0_prime,Center x₀′ (m),1174.0,1174.0,98.72143580195248,,-125.0,-125.0
x0_prime,Center x₀′ (m),1390.5,1390.5,98.23126671340236,,-125.0,-125.0
x0_prime,Center x₀′ (m),1607.0,1607.0,97.9782001890664,,-125.0,-125.0
y0_prime,Center y₀′ (m),-1728.0,-1728.0,97.96974800591846,,4.0,4.0
y0_prime,Center y₀′ (m),-1511.5,-1511.5,98.18388884899171,,4.0,4.0
y0_prime,Center y₀′ (m),-1295.0,-1295.0,98.45891510467935,,4.0,4.0
y0_prime,Center y₀′ (m),-1078.5,-1078.5,98.62227629046957,,4.0,4.0
y0_prime,Center y₀′ (m),-862.0,-862.0,99.16709536573384,,4.0,4.0
y0_prime,Center y₀′ (m),-645.5,-645.5,103.30228955031652,,4.0,4.0
y0_prime,Center y₀′ (m),-429.0,-429.0,99.15197813955784,,4.0,4.0
y0_prime,Center y₀′ (m),-212.5,-212.5,71.09292045188941,,4.0,4.0
y0_prime,Center y₀′ (m),4.0,4.0,49.20049579884035,,4.0,4.0
y0_prime,Center y₀′ (m),220.5,220.5,68.85650004004272,,4.0,4.0
y0_prime,Center y₀′ (m),437.0,437.0,96.9628500166421,,4.0,4.0
y0_prime,Center y₀′ (m),653.5,653.5,102.15765501029314,,4.0,4.0
y0_prime,Center y₀′ (m),870.0,870.0,98.47615239152269,,4.0,4.0
y0_prime,Center y₀′ (m),1086.5,1086.5,98.4991841765054,,4.0,4.0
y0_prime,Center y₀′ (m),1303.0,1303.0,98.53290453644897,,4.0,4.0
y0_prime,Center y₀′ (m),1519.5,1519.5,98.28816304612099,,4.0,4.0
y0_prime,Center y₀′ (m),1736.0,1736.0,98.06046527688453,,4.0,4.0
h,Depth h (m),259.145,259.145,161.58227484292706,,518.29,518.29
h,Depth h (m),291.538125,291.538125,126.57577028248802,,518.29,518.29
h,Depth h (m),323.93125,323.93125,99.07419904974512,,518.29,518.29
h,Depth h (m),356.324375,356.324375,78.02591713305767,,518.29,518.29
h,Depth h (m),388.7175,388.7175,62.833614880246785,,518.29,518.29
h,Depth h (m),421.11062499999997,421.11062499999997,53.129231781261765,,518.29,518.29
h,Depth h (m),453.50374999999997,453.50374999999997,48.37636361008144,,518.29,518.29
h,Depth h (m),485.89687499999997,485.89687499999997,47.52649430326384,,518.29,518.29
h,Depth h (m),518.29,518.29,49.20049579884035,,518.29,518.29
h,Depth h (m),550.683125,550.683125,52.19011720115189,,518.29,518.29
h,Depth h (m),583.07625,583.07625,55.69741414182428,,518.29,518.29
h,Depth h (m),615.4693749999999,615.4693749999999,59.27744242329067,,518.29,518.29
h,Depth h (m),647.8625,647.8625,62.70791534136555,,518.29,518.29
h,Depth h (m),680.255625,680.255625,65.89027593879086,,518.29,518.29
h,Depth h (m),712.64875,712.64875,68.79095301929306,,518.29,518.29
h,Depth h (m),745.0418749999999,745.0418749999999,71.40924026048593,,518.29,518.29
h,Depth h (m),777.435,777.435,73.76019863782167,,518.29,518.29
pmax,Peak pressure pmax (MPa),200000.0,0.2,81.23593412880244,,800000.0,0.8
pmax,Peak pressure pmax (MPa),387500.0,0.3875,67.65024867413518,,800000.0,0.8
pmax,Peak pressure pmax (MPa),575000.0,0.575,56.617784394883486,,800000.0,0.8
pmax,Peak pressure pmax (MPa),762500.0,0.7625,49.86310345454518,,800000.0,0.8
pmax,Peak pressure pmax (MPa),950000.0,0.95,49.18152981223562,,800000.0,0.8
pmax,Peak pressure pmax (MPa),1137500.0,1.1375,54.80013572469457,,800000.0,0.8
pmax,Peak pressure pmax (MPa),1325000.0,1.325,65.10779591138109,,800000.0,0.8
pmax,Peak pressure pmax (MPa),1512500.0,1.5125,78.27345344145192,,800000.0,0.8
pmax,Peak pressure pmax (MPa),1700000.0,1.7,93.09232058061616,,800000.0,0.8
pmax,Peak pressure pmax (MPa),1887500.0,1.8875,108.89152859950705,,800000.0,0.8
pmax,Peak pressure pmax (MPa),2075000.0,2.075,125.30079035109992,,800000.0,0.8
pmax,Peak pressure pmax (MPa),2262500.0,2.2625,142.10893475324943,,800000.0,0.8
pmax,Peak pressure pmax (MPa),2450000.0,2.45,159.18966305327837,,800000.0,0.8
pmax,Peak pressure pmax (MPa),2637500.0,2.6375,176.46383913297726,,800000.0,0.8
pmax,Peak pressure pmax (MPa),2825000.0,2.825,193.8797628229987,,800000.0,0.8
pmax,Peak pressure pmax (MPa),3012500.0,3.0125,211.40240432709172,,800000.0,0.8
pmax,Peak pressure pmax (MPa),3200000.0,3.2,229.00726820445698,,800000.0,0.8
tpeak,Time to peak tpeak (hours),196666.5,54.629583333333336,58.18520880290014,,393333.0,109.25916666666667
tpeak,Time to peak tpeak (hours),221249.8125,61.45828125,55.436435783584514,,393333.0,109.25916666666667
tpeak,Time to peak tpeak (hours),245833.125,68.28697916666667,53.289899979164446,,393333.0,109.25916666666667
tpeak,Time to peak tpeak (hours),270416.4375,75.11567708333334,51.659087959091174,,393333.0,109.25916666666667
tpeak,Time to peak tpeak (hours),294999.75,81.944375,50.46966267644366,,393333.0,109.25916666666667
tpeak,Time to peak tpeak (hours),319583.0625,88.77307291666666,49.66703444105997,,393333.0,109.25916666666667
tpeak,Time to peak tpeak (hours),344166.375,95.60177083333333,49.20872884737278,,393333.0,109.25916666666667
tpeak,Time to peak tpeak (hours),368749.6875,102.43046875,49.05912317340091,,393333.0,109.25916666666667
tpeak,Time to peak tpeak (hours),393333.0,109.25916666666667,49.20049579884035,,393333.0,109.25916666666667
tpeak,Time to peak tpeak (hours),417916.3125,116.08786458333333,49.57827738266692,,393333.0,109.25916666666667
tpeak,Time to peak tpeak (hours),442499.625,122.9165625,50.14412198088454,,393333.0,109.25916666666667
tpeak,Time to peak tpeak (hours),467082.9375,129.74526041666667,50.854522070649494,,393333.0,109.25916666666667
tpeak,Time to peak tpeak (hours),491666.25,136.57395833333334,51.67279705699422,,393333.0,109.25916666666667
tpeak,Time to peak tpeak (hours),516249.5625,143.40265625,52.56977473136611,,393333.0,109.25916666666667
tpeak,Time to peak tpeak (hours),540832.875,150.23135416666668,53.521977966068185,,393333.0,109.25916666666667
tpeak,Time to peak tpeak (hours),565416.1875,157.06005208333335,54.51891250502459,,393333.0,109.25916666666667
tpeak,Time to peak tpeak (hours),589999.5,163.88875,55.546353423745515,,393333.0,109.25916666666667
d,Decay rate d,0.1,0.1,49.007053881370716,,0.4,0.4
d,Decay rate d,0.19375,0.19375,49.03636548168654,,0.4,0.4
d,Decay rate d,0.2875,0.2875,49.09494053594432,,0.4,0.4
d,Decay rate d,0.38125,0.38125,49.18038504487757,,0.4,0.4
d,Decay rate d,0.475,0.475,49.29042171162298,,0.4,0.4
d,Decay rate d,0.56875,0.56875,49.422891850416505,,0.4,0.4
d,Decay rate d,0.6625,0.6625,49.57575593852421,,0.4,0.4
d,Decay rate d,0.75625,0.75625,49.747092973774365,,0.4,0.4
d,Decay rate d,0.85,0.85,49.935098804169364,,0.4,0.4
d,Decay rate d,0.94375,0.94375,50.13808359375031,,0.4,0.4
d,Decay rate d,1.0375,1.0375,50.35446858166849,,0.4,0.4
d,Decay rate d,1.13125,1.13125,50.58278228068094,,0.4,0.4
d,Decay rate d,1.225,1.225,50.82165624825923,,0.4,0.4
d,Decay rate d,1.31875,1.31875,51.06982054921169,,0.4,0.4
d,Decay rate d,1.4125,1.4125,51.326099013996505,,0.4,0.4
d,Decay rate d,1.50625,1.50625,51.589404382380174,,0.4,0.4
d,Decay rate d,1.6,1.6,51.85873340823379,,0.4,0.4
E,Young’s modulus E (GPa),499999999.99999994,0.49999999999999994,229.007268204457,,2000000000.0,2.0
E,Young’s modulus E (GPa),594603557.5013604,0.5946035575013604,181.4083134916372,,2000000000.0,2.0
E,Young’s modulus E (GPa),707106781.1865475,0.7071067811865476,142.13079841471827,,2000000000.0,2.0
E,Young’s modulus E (GPa),840896415.2537146,0.8408964152537146,110.20535346033344,,2000000000.0,2.0
E,Young’s modulus E (GPa),1000000000.0,1.0,85.03354286031468,,2000000000.0,2.0
E,Young’s modulus E (GPa),1189207115.002721,1.189207115002721,66.43123547994281,,2000000000.0,2.0
E,Young’s modulus E (GPa),1414213562.373095,1.4142135623730951,54.531210988073276,,2000000000.0,2.0
E,Young’s modulus E (GPa),1681792830.5074294,1.6817928305074294,49.200833307332864,,2000000000.0,2.0
E,Young’s modulus E (GPa),2000000000.0000002,2.0000000000000004,49.20049579884035,,2000000000.0,2.0
E,Young’s modulus E (GPa),2378414230.0054426,2.3784142300054425,52.434836699337424,,2000000000.0,2.0
E,Young’s modulus E (GPa),2828427124.7461905,2.8284271247461907,57.081490750033396,,2000000000.0,2.0
E,Young’s modulus E (GPa),3363585661.014859,3.3635856610148593,62.05313325541929,,2000000000.0,2.0
E,Young’s modulus E (GPa),4000000000.000001,4.000000000000001,66.81976506501758,,2000000000.0,2.0
E,Young’s modulus E (GPa),4756828460.010885,4.756828460010885,71.15913703431325,,2000000000.0,2.0
E,Young’s modulus E (GPa),5656854249.492382,5.656854249492382,75.00145437145787,,2000000000.0,2.0
E,Young’s modulus E (GPa),6727171322.029718,6.727171322029719,78.34893490004576,,2000000000.0,2.0
E,Young’s modulus E (GPa),8000000000.000003,8.000000000000004,81.23593412880246,,2000000000.0,2.0
theta_deg,Rotation angle θ (deg),-90.0,-90.0,46.08716632581317,,15.0,15.0
theta_deg,Rotation angle θ (deg),-78.75,-78.75,46.27902643019734,,15.0,15.0
theta_deg,Rotation angle θ (deg),-67.5,-67.5,46.62343185291244,,15.0,15.0
theta_deg,Rotation angle θ (deg),-56.25,-56.25,47.13536646411746,,15.0,15.0
theta_deg,Rotation angle θ (deg),-45.0,-45.0,47.80058274097927,,15.0,15.0
theta_deg,Rotation angle θ (deg),-33.75,-33.75,48.537777309975596,,15.0,15.0
theta_deg,Rotation angle θ (deg),-22.5,-22.5,49.201339492175094,,15.0,15.0
theta_deg,Rotation angle θ (deg),-11.25,-11.25,49.62827971308713,,15.0,15.0
theta_deg,Rotation angle θ (deg),0.0,0.0,49.69920947736409,,15.0,15.0
theta_deg,Rotation angle θ (deg),11.25,11.25,49.38268732308858,,15.0,15.0
theta_deg,Rotation angle θ (deg),22.5,22.5,48.748983133159925,,15.0,15.0
theta_deg,Rotation angle θ (deg),33.75,33.75,47.95040232977678,,15.0,15.0
theta_deg,Rotation angle θ (deg),45.0,45.0,47.17107052251282,,15.0,15.0
theta_deg,Rotation angle θ (deg),56.25,56.25,46.5613345426031,,15.0,15.0
theta_deg,Rotation angle θ (deg),67.5,67.5,46.190147727894534,,15.0,15.0
theta_deg,Rotation angle θ (deg),78.75,78.75,46.047058684437005,,15.0,15.0
theta_deg,Rotation angle θ (deg),90.0,90.0,46.087166325813314,,15.0,15.0
