a,b,c,pmax,alpha,E,nu,h,theta_deg,x0_prime,y0_prime,Epsilon_XX_nanostrain_peak_abs_max,Epsilon_XX_nanostrain_rms_avg,Epsilon_YY_nanostrain_peak_abs_max,Epsilon_YY_nanostrain_rms_avg,Epsilon_ZZ_nanostrain_peak_abs_max,Epsilon_ZZ_nanostrain_rms_avg,Epsilon_XY_nanostrain_peak_abs_max,Epsilon_XY_nanostrain_rms_avg,Epsilon_XZ_nanostrain_peak_abs_max,Epsilon_XZ_nanostrain_rms_avg,Epsilon_YZ_nanostrain_peak_abs_max,Epsilon_YZ_nanostrain_rms_avg
92.95637282892541,10.927812673242821,287.95855570681977,6147886.176815285,0.9202209149006693,25457187131.749523,0.21755519748184476,2544.7550243591777,29.915951632285037,327.9772729145453,343.3453335469545,6.250142450051689,3.7057807465595696,6.273566959638355,3.6202853100261714,5.917027010388763,2.4747981439844353,0.39439404252113613,0.12066528944263359,0.3054325311105319,0.11558018244283498,0.3141150821714085,0.13484615412007522
87.97071490146038,17.112275951413736,50.409143048196185,14157963.366932955,0.9460626002690622,86167435959.25795,0.240298368983181,4183.099473936236,13.21174685830129,-439.22535578050093,-274.4958568047318,0.228748469755896,0.12989668665912898,0.23852076235382866,0.13614462860788554,0.148041620810216,0.08677194326185758,0.01582141036987419,0.006805832838088444,0.06360656964384467,0.01795950039430016,0.05201408336650237,0.014605282585549077
78.99078213089172,58.134165618961255,163.33265380330414,3396844.682019203,0.6260355167004081,9811127100.852978,0.3325366762142949,1913.0041511240702,-5.07431208797728,-480.21351454454214,-152.7600880038783,17.330536029873542,8.037060813142503,21.180073234501055,10.9483391415719,18.924476665796778,9.482620095901416,6.170980243226515,2.14782505801316,17.303654038289185,4.9304633805428235,10.996121213685054,3.1002727694549135
146.32262378288902,30.011465706630666,124.00692009094679,18678121.106248822,0.7838789675991871,39495339024.398834,0.3286764431769687,3246.3982217949188,19.88127080027371,253.18998420270043,431.64572426135067,6.103233594035751,3.6721889930438185,6.11138828167832,3.5626686138327264,6.597068233787978,3.712168954355104,0.19958886851972366,0.06679324186926335,0.5491155161466482,0.16057972470944437,0.2524728540893327,0.10648570226382072
194.05576252374013,68.69209868016787,287.3978929792521,18401729.28550502,0.7777907114909572,57974852630.343544,0.2632087025214823,4944.96587083223,-26.245843745513415,-25.06787312757649,-159.66977680810027,11.061057040357836,6.562157164762146,11.107593545180356,6.555119509798719,7.9154474129973815,4.806512257144935,0.24618706127970727,0.09562117341635548,1.2368041905806098,0.3481888666255693,1.7139533906120243,0.4805649325282259
81.08615671765729,42.411237920437586,210.79667465225114,17062748.00666653,0.8154809232592499,49965994268.38359,0.3495752505101751,1376.4115400016076,-17.69932321694543,-402.1934070107914,174.6743445824319,50.06714888289022,19.910001865082087,64.24653759971093,31.23010840378821,61.761654485994704,25.758875239735175,17.79360625356405,6.933582599041573,78.1433458695228,22.207643561130137,21.459818439579596,6.300768388933962
117.68476698430015,35.14982493407604,269.61191726183756,12702218.659872616,0.7940292625062437,32688084948.062824,0.2963538178667944,4634.227388855586,29.612729942931338,-397.68026869360756,-37.64467442627148,4.1664240493194376,2.4006611371100672,4.243540085101849,2.516672675283303,3.5306308400054682,2.114237341277598,0.15044562357753802,0.057388980821151694,1.0484988541377198,0.29569803840613407,0.5805117478782963,0.16277669771841252
234.84809716025669,92.47794832769918,56.97794858217645,16770619.235682,0.514921488997721,27391104591.906525,0.3060138304938449,4828.076702266629,5.136591056330985,-172.18670035081243,-281.95165595489095,4.0817866581903095,2.3905493682247996,4.115560366953741,2.395081520140288,3.6176162736935273,2.1481707001950796,0.15493825014002516,0.061872444994084584,0.6645760755566752,0.18721674918466802,0.8228077349975453,0.23094075525801722
277.1648077893623,47.31522960232408,234.4572468918959,15965869.2016445,0.4558018157921528,57077180836.266365,0.20112680294463678,4362.575529987531,16.905270544773096,85.45848743464467,32.35096883642882,7.990381297942114,4.7418542976620826,8.024672350151727,4.758131006659799,4.30180390372373,2.524509552062372,0.09456783655574075,0.035442027529454405,0.7725275824217507,0.21778582810655917,0.9676033124323064,0.27149586248231
52.006879418604484,50.99445361707469,82.24346824986239,16737138.838561714,0.35691362273061267,14488690424.881714,0.3462179870541595,4383.091276265688,8.905280473126624,-326.1106205459127,373.06729786614244,1.0147344148152637,0.5803863802277848,1.0276553837817728,0.5984204139689537,1.0823695737863785,0.6353335496942347,0.035640635805977865,0.015145761851730326,0.2826636042664362,0.07962573143914724,0.02292535861942567,0.007748187794987266
126.71214706618443,90.56833443912565,58.904158627258795,9394972.586178688,0.2512241065330773,87840544624.7932,0.3160849700092174,3083.9303362599944,4.136444339340926,476.2621558459749,-390.43967223275354,0.669264476782155,0.3877835246654136,0.6695068372295951,0.3679548228974158,0.6158340601230234,0.360841770376267,0.05631427470532642,0.017451147890278917,0.04727353637244714,0.015774619203578963,0.3489020983025309,0.09805711918319954
149.16841531862167,74.67541845055752,134.0601135247269,15091861.716024287,0.9406792664693275,12323238798.851051,0.3418187796888431,2040.56411375509,19.451482493775586,-308.6835530439464,-381.5151932915058,169.14667334708372,83.67046349736462,183.5258204119414,86.1599750694582,183.7208739142711,88.8395753500714,50.88290604918835,19.371416344635783,109.3677047398423,31.109406230976056,124.49572376091432,35.178706170343844
66.08892340842006,47.61143602063942,247.54706397894392,6417314.499276585,0.3512895877750336,11234601850.871202,0.27073527490117233,2749.0879887067185,14.512452838038243,-453.57657943948755,309.8422418804813,9.153327063628968,4.668470638649241,9.882795038228348,5.432296950878366,7.088177501453731,3.9484034530736145,0.9398751488930193,0.3715036915762096,5.990804421086818,1.6897893862993911,0.5628764795830448,0.20189524270662298
123.7511195629451,85.81527561748374,213.823196217051,16984565.806694508,0.5381707450874097,74062418730.74297,0.27451159462633234,1127.6073519726092,22.293073466599665,-118.59593997714592,-8.8960611018029,230.45790066787202,102.86726342248048,232.46148645690613,115.07698458743909,166.6658110020934,81.90545990084061,167.5916129436779,48.556126817837104,261.11130200076974,74.06300079648558,214.69065956316476,61.09032597155929
272.04019063502574,42.900431507007205,278.48611795712725,11236318.201311775,0.5237822907863651,87170282336.58983,0.24505691827309345,4764.604057081372,2.4993664696299405,414.34858632595467,472.98518692327195,3.019606230307311,1.791662213192281,3.0018303468892578,1.77063265654236,2.009247873025525,1.2009114076889387,0.09287436609252488,0.03039645309377846,0.04193435389306137,0.018008893584617335,0.08292381151793035,0.03094097150943574
279.0281122457352,60.68830718506791,252.16028532207906,1742045.3707359505,0.3534440020297317,57725445492.88349,0.2528693078929861,4699.465819147407,2.1070745736819134,-368.77063866862505,346.97174767480124,0.6232539683080622,0.35744983310817985,0.6351686382148777,0.37105541525017843,0.42644474708205754,0.2541531098147762,0.020016705527219864,0.008381712437960787,0.14152347492442183,0.03987541131966202,0.010477042950947391,0.004041756755744398
288.56968712292917,13.795069863241952,142.75682724292307,15175762.100904243,0.5307891581984651,99665002574.38448,0.23108309242651057,2336.375049837784,-10.289147125113306,256.36010067650477,260.83424994255324,5.313718402390239,3.1638525588846393,5.375067280943226,3.154605418327383,5.45213010012586,2.29725156031219,0.25681972919432056,0.07644148163695588,0.769587414092618,0.225242267224982,0.8868216901919141,0.26201001585381056
74.61913010842204,67.92074135220176,169.70983976167426,2344818.9057116807,0.31203254059401087,1026533173.6758862,0.33941244945682936,3746.198063126082,6.672171880022148,-151.984991671866,19.5001676475365,11.638080499806541,6.750703429514279,11.689932178377738,6.914472419804455,11.934575044268675,7.190581785583842,0.4099058959062968,0.14397703762439718,3.192928913577007,0.8993512070609806,2.2463781034869355,0.630451209865219
246.8524672856792,62.338672341278865,297.34156707435096,8204132.883142658,0.9644317884223366,24852621308.24982,0.23374875697381756,2522.1981758877655,6.240929106700904,45.77945343665067,-70.33281481731103,138.33016998773357,80.00125138486062,141.34032303567986,80.12025230160492,103.40404720463546,54.08665439192689,9.719142205664026,3.366132504193435,42.33449232987134,11.931586414039389,60.919551483805435,17.087706934284217
70.68421960446406,48.57569186225161,128.02384824925724,10164391.004333595,0.27298587956150433,18337698598.47436,0.325455615808218,4995.339376131324,10.59534159119142,398.39727660086544,361.4398841895811,0.5807679516454632,0.3469313893077157,0.5796341288874466,0.3449586391304915,0.5602530944245238,0.3402582183788145,0.013285979729399811,0.004117599833760666,0.006995591360958977,0.002996025520403744,0.00968263686640712,0.003484661808226857
96.93348389254646,87.92530829370268,203.85436778655935,11018584.6944483,0.6227169594145681,79425904682.77359,0.26951577270582033,2700.705656282466,13.121135336170411,119.1246344844285,495.6377267281915,10.158289738208028,5.934813761763223,9.968555590078001,5.607846426161798,9.919028233908412,4.743703847707219,0.4339911191711546,0.1496864430856948,2.5781743189519934,0.7267114306243095,1.1130765964659728,0.3743359782836029
289.46376747738,49.369337878507984,191.2240138219693,7272074.953926855,0.8051910563165621,11646606602.240139,0.21068166643935832,3087.813209249547,-25.19351532638316,-59.59074659359459,-48.97301665399965,74.78900365593489,43.25142535114572,76.00819898583727,44.00841035299436,46.20665690526623,25.330679157068726,3.8978393717715796,1.399405756946042,19.66352173458353,5.539017082941657,20.2080812389546,5.668259794893831
241.23755811588623,21.809012869954167,83.10092260668512,1199215.990964267,0.6553629385254225,13002499757.999388,0.2773679143398201,984.8291503900689,28.093929655163464,276.4578741095909,271.1773078222777,78.56212051768003,25.83147605992071,81.12354357442648,26.3549323952844,147.42061215178663,42.44857206464828,5.288095110932011,2.1120741059693673,53.27102971648516,14.978106342995591,74.67564617165431,20.90813756923693
157.27359384581064,39.412646643924546,88.91872052437685,4799158.433210855,0.5782165630464926,52156996618.9121,0.2814021743375913,3715.203405552822,-22.52162502675339,223.1404875151859,-21.958806441029196,0.7547600484470429,0.445823298268215,0.7553935481545722,0.4440180561363644,0.5951945899721401,0.3632073767457174,0.00972213348926576,0.004761417960609278,0.0559968360999854,0.016149748584246774,0.15633540152528771,0.04383176276062926
238.44705208692125,59.45296368250974,208.03164569056236,15600617.967001133,0.7427195005223353,22595916116.36718,0.24671119374577632,3545.2338805781305,-8.975800935576391,-475.50933914627944,-247.74746498327877,45.28939419638795,25.103738232769455,48.61419912061245,27.281784901955962,30.819411488705388,17.747667383567656,4.482239752519825,1.876995034556081,17.327565044296872,4.897920836831958,13.110427317814697,3.68236688562831
61.503472011074024,77.16651497021499,258.23993541074833,14054713.46371083,0.39368149746857467,39079939527.559746,0.22891212972382569,4417.8827887917505,-23.917396960502572,103.32876951242781,-34.04929795576908,3.186712859540578,1.8900375642711515,3.191797104475398,1.8859141852515,1.9130919535614868,1.1696152633481143,0.04398128459109009,0.017680600199817806,0.2912578311443186,0.08217883185082703,0.4588191631027959,0.12862271009675702
210.28947963298933,27.861326754530744,144.24025438528645,2205330.4858470075,0.6803966299276316,85046876774.54948,0.3377989181835991,1706.6251616728073,-29.572676627045844,444.3321893934425,-131.79469586755368,2.841655843711456,1.5982104955190048,2.9000171607633276,1.5102349019765307,3.2717331697300494,1.7115632871242938,0.36981249161049257,0.11978917849913105,0.518782756998915,0.1760140473452143,3.3034150566564917,0.9258766303262742
168.42787605000797,25.66125441345421,158.96709592084193,14831758.657055583,0.3670565817597631,81066324305.42392,0.2085712775850774,1821.28513736033,-5.489785904205984,-225.9350766310382,-177.66919749843896,10.98164076769606,5.505249481179459,11.850458237151457,6.008270774846837,6.079881289420286,3.2085631235768863,3.07488405310431,1.0418883925395892,7.4235690495343905,2.102800067582923,7.166255259629329,2.0172892667337052
201.6334302247481,28.072812783176804,267.2798245492121,8813806.954756409,0.7737956102204091,27767150992.49052,0.20916360687932747,1691.0173667694287,-6.428295341250319,-224.57880014450456,-301.5564620022766,110.2700522433889,52.60738190858327,120.87628982607491,54.506749327128595,61.883517863560606,28.691287218207776,37.64930496025101,13.62823186364386,65.40626387853285,18.646411142606816,78.16296294866417,22.107286795280885
185.45526656849358,77.63403420509461,238.00101990810148,17154552.11009101,0.8484758633770255,64364995623.58135,0.20623053436238536,1204.6375456762773,-2.2217628825889655,58.83561364501929,-89.39466821015168,702.1535518308785,361.8941201080548,730.4369700478697,341.6552163271357,372.2183819947322,189.68602452858406,374.08046043585676,110.16592912356658,524.138365344814,148.15045802049664,856.2412848878058,240.9560603586873
98.4791329744499,56.20486639352216,84.68045517689924,15844448.949805547,0.4416308620491519,93843114647.46747,0.29547411941173707,1421.796453832861,27.29174220608367,-61.956913869134155,-238.39854636415185,13.941489192279256,6.740280116019203,14.25146691713034,6.370723612133048,11.945905901235932,5.532079679700986,5.650292853456335,1.793600500444544,9.097167993024884,2.580000765653877,13.18276058750295,3.7217764365197934
100.88764709409851,92.96039076427827,191.6379746020631,19164915.953774214,0.6751077757231698,49025191140.023636,0.2052650203582383,3812.553730922501,-11.582173538231402,-204.08008812099052,-469.62002199682314,13.90565697631298,7.856058565105685,13.93823938425686,7.635563824014871,7.210098891536241,4.17864175850501,1.1617787659840098,0.46365123918770046,2.929400972872337,0.826443400419477,4.368233908062518,1.2291154347462052
263.3941299182777,33.787395117105156,93.65184243249357,19123408.41897097,0.4486006295199662,90304396508.68768,0.26377855251121896,582.3231601941048,-19.353495344570966,66.41776685974446,449.7738376073387,1472.6639628011312,426.0345093843136,277.3882553704102,115.99551133685823,1812.9108563938696,510.44349195296076,2419.2822447173435,676.2370486400421,898.8258534843345,251.3134625257521,736.6329288572464,208.5807019901733
220.8828875467597,70.70171818533338,85.48871307391704,9630992.598116366,0.9270748463675973,66126130774.62539,0.20251287929945824,4059.7146236467174,-10.959920804401055,42.526736209804085,-405.7958088790517,4.490388094761234,2.612921958709197,4.4766129337330165,2.519776189660964,2.282462008314938,1.366998069838531,0.20313272666362484,0.07335477825672279,0.508039262973778,0.14320600943914316,1.2378244143592858,0.3479006228557134
84.6517880563492,87.62908954630765,243.86634166238906,15356155.542737303,0.21779932259439147,34434452160.265594,0.3179247118113368,4527.5001843329355,-6.197208354155478,15.01895868999543,64.91089417338151,2.1430352337497256,1.2776016000207886,2.1499652978296124,1.2825195064453478,2.0019155113559015,1.2197226539215038,0.029890128053359402,0.010249207594726362,0.28396604568203154,0.07994602571751211,0.25728440324209,0.07227013884677615
244.72894511077865,22.742664708587917,272.61019426875805,2544050.4412272153,0.9281835801116085,83665725708.24416,0.25735221690168736,793.6684627939487,-11.973983589947181,173.13174083698618,-471.9685223848751,92.72902332340209,38.377912871017436,75.266016847317,24.93009478540014,59.33838073189956,20.87944617645344,24.340347834915775,9.45948706400532,10.728091540065035,3.4255341316344747,26.15962545248124,11.590542023656417
179.90167900403708,97.1496219014049,194.9716334198041,9873735.350599678,0.9632285467505206,65339043725.28466,0.33709942125573,1779.584608772917,-25.983000105346246,-188.51703138313638,-455.6287935033259,78.76462446778042,37.86662906069105,79.7767189300073,33.950556214821475,80.96989219239576,36.43365820246153,25.575443498053964,9.74344633205795,41.87221450021843,11.94069289857454,64.03013499125501,18.17296255155165
103.79192138960343,73.74969096665333,156.54477034971413,16236556.849224102,0.4288933328670715,58710687945.574554,0.34465096973229514,3593.100701099631,25.056620816857652,-123.41933098535492,222.28083311840658,2.9843918261173497,1.720195797543832,2.993439229674215,1.7544413710545035,3.1473626173239344,1.8774613202959185,0.06440494523767032,0.027421160599232035,0.8650313563322141,0.2435012913382644,0.2890841554730425,0.08401409677346111
89.01825043091533,15.576392514010589,165.75200422987407,11415138.545592304,0.83185277613067,50552454380.07653,0.23003477247047033,2210.686179095451,4.7486208533836916,-460.40661520606596,-306.6961128838609,4.792346058731824,2.379348970043563,5.6454177298301556,2.8068851666472323,3.1347198989917326,1.5829899305119772,1.3129839266412286,0.528768333863519,3.1760307487076154,0.9037144523230116,2.6606905245658945,0.7504574810193592
76.15341958479513,13.101114243148935,223.4695532989938,17692020.32035458,0.49983552092771794,20286601127.86962,0.34322522803878824,4586.009298147584,-20.861009609836394,-316.4484857384914,219.10400286955576,0.9830814798361306,0.5672804577145857,0.9962203849912458,0.5876717520240976,1.0350898600185046,0.6135537718293268,0.022763469117288687,0.009333341398681581,0.2477947948128591,0.06981701852542739,0.060569726111581124,0.017571652674640458
243.44411708171708,37.54139990732776,129.70543356145396,3926742.375476374,0.9326066606891663,28623422682.494247,0.28246610156468893,2891.319803210057,-17.80979714837029,-459.7493731483194,-296.8881147492943,7.011139213516043,3.7432850245155875,7.731708785628997,4.149647640650187,5.817514639836561,3.1908361401302043,1.1231630581678689,0.4632267030431156,3.621444272201733,1.0254726820128268,3.0154917872558893,0.8481854372269704
102.5416887746828,79.66627200311517,187.31759657147018,3842202.6623091633,0.6787116933678289,51109931178.13079,0.29071970115625173,4304.087212727511,-16.62049754969874,11.414649831790655,190.436933125736,1.2453224567780599,0.7382564725468341,1.2451055151257295,0.7406803911317562,1.0219790301414486,0.6247835374966042,0.011928221775441176,0.004473142252670306,0.17731088033537787,0.04991162188952843,0.09710799232457563,0.02775903233623352
207.46206006864688,97.37431768462295,264.47266449597873,10007079.079135003,0.7507318513414927,51521427385.426956,0.24870160752372056,3729.773832837693,-1.044389282155798,-434.7966195661502,422.20571557599123,20.843766530234657,11.450667233697025,21.561101792487644,12.218403910723968,14.064669871630135,8.192115040714366,1.349958702916059,0.5885866051306081,7.7249265739855035,2.17735367556317,0.594618899899954,0.22352724193403467
249.6313632263402,58.81686134912813,115.5341050707163,17364569.585589483,0.7389219666044642,98364608968.70473,0.3122627969165034,1948.1910919203522,9.32209813556512,468.7771475434474,151.78390777350842,33.615036723246845,18.66479676960428,33.364680889502864,19.324691030600185,47.762815288622946,20.16472589361036,3.1970437378749064,1.0451394852274163,6.4634082755919735,2.0228557245011305,16.445780065241443,4.628786652070255
112.01314663598228,76.59452732923744,206.28638141389158,1462121.998015781,0.7154745427058846,12599174245.684702,0.28951681023568837,3010.2176966795564,14.061596119528794,79.43822538889765,211.24111336137696,6.807092551545459,4.015409242039163,6.827558111943987,4.011398223893568,6.3173223613800324,3.489010578923582,0.11414604153203248,0.03968220195980547,1.589251000454036,0.4478346375414703,0.9619556738344379,0.2770834752365764
191.07340995002178,89.53571098507435,135.912145965123,2500926.4707656372,0.6068790334248246,70387292809.44376,0.23900899426581754,852.6858865491592,-8.076616030673176,-105.03517984635613,319.9213606659182,136.1098056969397,52.45082100406536,143.3157505308456,54.04764453849057,68.14805020925265,23.217528476170756,40.248440554839505,14.518360383276242,216.57162497193346,60.652935587986484,30.569456050235758,10.06241211156453
77.40798356185476,30.36070868250568,146.2548152550932,6524447.186672544,0.7713912758615176,55776949565.79049,0.2867837050661059,1649.0422719643127,6.966238272034367,-219.1048502795806,-288.6484109112258,7.628221925311368,3.6330988557781416,8.276275011746852,3.751853197050298,6.442621112940744,2.986838835527337,2.849577541518029,0.9871139908321026,5.194538921792844,1.4799997566018939,5.975615669179014,1.6896249281911704
236.8940830434425,93.58475161162592,160.36992493476268,7480831.8842366105,0.9075455004645221,60348767510.85632,0.34702087896917044,1830.814866706899,-28.717607029006096,495.0707999456379,-140.1756884238028,57.586077301824865,32.31559764729202,59.372231675027884,31.497887921921855,67.32420347129626,36.22808627241844,7.53504258664051,2.588765072753488,15.043482779606146,4.662323170575236,60.966024162608186,17.089115807625884
59.501678099438266,53.968291280788705,256.17902524892486,18514481.318636928,0.2908206932734466,75580329792.02292,0.21305292447288438,718.3657101175854,4.404532578914598,323.03250581973634,313.6639662007244,7620.857306139355,2128.434481098161,11285.309245444021,3150.7372923389144,3743.294122183838,1045.627465997299,10755.924180651167,3001.934169945686,1702.6714218691654,475.78925642311805,2832.9057131836457,790.8045375507977
69.04156423394305,36.16017587468308,217.32130286239422,12987203.313938094,0.23814559212414044,61669372740.99434,0.2995310780058901,2171.974271748256,-21.57228698828654,485.06253339912473,467.9281611196408,3.1645857915809885,1.7603219630445484,3.188382955671587,1.7003965033007136,4.35743373022752,1.7600344409140385,0.43587595822617603,0.15103864219833513,0.6438293668161796,0.19285346590936475,0.4551377691996295,0.15280110957903312
142.2574722350639,83.58589648823178,111.87447809562613,5234254.148932627,0.6415401631213854,26606679186.526863,0.2423760737311067,2492.8350172071387,13.573059804242355,34.40011326170179,-50.97280866868073,15.832891115696855,9.163456597547178,16.077463374828596,9.159498022906249,12.27612267833353,6.463891475856002,1.1132226944794161,0.37880762409495383,5.131339370809162,1.4458111723493727,6.714231919524519,1.8833927425381316
252.63651719823704,99.10284976399387,220.285365582905,4555109.317485806,0.9721889693260584,20314594916.99713,0.20996809367734803,624.8748832563662,24.656049730957747,192.9649657017817,164.05339379862903,6036.809444779821,2523.7637214326182,12839.41121316417,4470.174864369668,12709.328320453926,3805.401640995605,14171.468997801447,3977.061717503426,3930.9570951258843,1276.2851127640986,6233.096492749929,1822.9097516541692
187.93294282844158,18.471661247209035,250.6537279734797,10452742.821545964,0.29830443394321077,45601502313.49497,0.34002447601626395,1438.9282393676003,15.2697474688092,0.5299152207489897,-450.4253814005417,18.950895721376195,8.868401977379033,17.94949676157357,6.918056579317143,19.144613841862892,7.936761329493395,6.020905117064205,2.17673462037784,7.21278804503992,2.060809993515205,16.55453405123519,4.73505175340936
267.06206155925605,34.4394356147358,242.97809853058175,17878168.65427341,0.8272020395241693,95312845234.26425,0.29335005539824494,4302.265472591271,9.751325297467403,437.2349389491209,389.4844748085769,5.449784443981247,3.2170135722567235,5.440051556531608,3.2031849982136653,4.551277182034916,2.755191187952367,0.18919507658378437,0.05975981137763761,0.1493803904763509,0.05373658725805041,0.1192725731643187,0.04059904119570573
126.0225007807436,60.33385936803092,181.37874095553838,3990286.5239778543,0.3082777472730309,28773613625.556576,0.33464393170671475,4561.289647401683,-27.89670073090574,96.83793477436132,-93.3444062143958,0.6492926246221769,0.3860560821278691,0.6506425198697688,0.38448855489808864,0.6540626896713345,0.39472130844068665,0.010507295815580405,0.004188158700134885,0.065328798186415,0.018427964387564725,0.11482099659491156,0.03218540903141657
167.32187039894455,58.207681241968075,79.0023498099202,12162873.228854762,0.5839242332080261,72235039814.69754,0.2140683375044589,4777.264988646514,-5.992117003581498,458.55078447766675,-437.55507349479313,1.117446002578111,0.6599419719209348,1.1130728358918913,0.6421317615433173,0.6063709930395897,0.3675730765079237,0.04343921456688729,0.013317976456770051,0.02694221622034533,0.00921742184775978,0.25262906187796075,0.07097628311565322
53.935211179670844,18.06053463286841,183.36507575147195,12879829.457369959,0.9195563699182958,23849976021.25042,0.28603440525616586,3450.413113504624,-29.985838146870076,-91.88786033750085,354.28783465535207,2.775558806800822,1.5900907506322828,2.7717963363619185,1.5970589741416963,2.2952876549615024,1.339919978488331,0.08403865628066708,0.03266200470002366,0.7599944581284069,0.21383715347115959,0.08741674952160808,0.03249817967106198
50.11497327545936,94.80457626257657,153.53220435619158,19045613.06276946,0.5259006149644647,89320030785.70168,0.3222548789439838,530.2287245260293,3.12512697874854,391.9601765261747,-4.69663136062934,542.5284951055496,212.2948406087228,1058.889914289759,340.0430960609844,572.6317841337575,218.38436669922083,146.34931035758765,68.82755722959408,149.7600007399092,58.45053993820187,180.62376851572418,57.91162741442883
233.0634940883361,26.776375542323745,298.1398694111755,12110968.316956196,0.6854328301155622,18878641627.313057,0.3109269454207719,4818.161230181832,15.833239593087228,-198.92183030925565,-362.92268511177065,8.459269626043532,4.929655045331406,8.528034810565963,4.9113135841785365,7.671279007036125,4.514931017659322,0.38968778586487407,0.15548145471826735,1.448707951063346,0.4082366104285716,1.9151897966328415,0.5379451526672034
158.71425733326507,31.418079650321932,230.98808540028938,8310454.310985097,0.6340818023371508,88594261450.42984,0.31686684191968306,4861.487707792013,5.4710119162419275,63.51327545461663,-219.65042428773228,0.6804064020598115,0.40430987195993684,0.6808540254850248,0.4005605410338759,0.6316568496139227,0.38004178932969807,0.01474463760823594,0.005533477853271795,0.06538231356958046,0.018423892738061654,0.12945084746833144,0.03631054288350828
128.64743681307095,55.157382937518115,222.42663390156073,19806478.138329368,0.754917901425636,43467545203.80293,0.2449138267646347,3625.6388749520193,0.4955036707124556,-333.10713796260904,54.62173714264259,16.34687476963299,9.175407362946515,16.616614293593496,9.774683879578303,10.714940834930673,6.432823556234533,0.7083262931602795,0.270053572738734,5.461962929110057,1.5403156048922089,2.587038943072281,0.7271304411938776
294.2209599437001,52.00293348232364,254.49638746823211,14475707.669285918,0.3023983560864262,1708035156.8711762,0.30167891701948163,4596.602563017926,29.270297121665358,-445.69455351306465,291.6111134531502,120.05044371991261,68.35637759904185,123.47844085108282,72.18406775213448,105.30258467822398,62.02361947207468,4.497891602863458,1.7671144897901243,33.23194230100473,9.36819853553206,4.038497129278123,1.2975204803160163
293.70231768813125,57.28639411445461,66.37371685462011,5961823.060071473,0.3378270627712675,85460998888.29112,0.2911162277773596,2664.3991552910556,9.171802755418362,-374.21350018199837,-340.2707082134083,1.5208389651053238,0.8038032928156791,1.6490196072492258,0.8586446532661043,1.3052472026059954,0.7000048210573965,0.26785352233380577,0.10875448272479714,0.7759897823151172,0.2197606341109409,0.7766655270243372,0.21866361163384881
83.11508240103365,16.220632240524218,246.0689057524508,8535299.885957852,0.6179357373723384,74603734491.43536,0.304097335840301,1527.9036093179895,21.851886263128883,-209.0932816394946,-434.35096566959726,6.682282938214832,3.0063120169303654,6.963152750640238,2.7577248299574064,6.005883908662291,2.486355591727491,2.6726483628908064,1.0260479724478277,3.529743628018141,1.0200174854604906,5.015380133860645,1.4352524646156122
162.35470441336423,35.583215808266374,64.55244529716899,8929298.86213696,0.7669271523989163,4420250135.212519,0.3247875319460646,605.7022513749703,-10.595878069684513,-352.82151484257327,-196.80638613678985,564.6369075749343,207.81280042867436,1468.8765118337442,501.16058227090963,819.2936313411803,278.34558707485934,635.6877996640521,248.9149405651872,520.9371734924504,166.8545518157545,241.07412361195398,77.21207614419268
128.9307013146868,79.24410866991887,284.8359778546913,16384751.317901447,0.47561403448869116,5248612297.656391,0.3406530698069731,1164.7398330153198,-9.4953560799337,348.5932788099094,135.62206014892342,6510.314020624295,2202.803807504349,2790.6371645675836,1518.6555998400036,8434.817211268188,2700.8740601962986,479.0981077628414,178.19251555878216,597.6336014035409,235.2898641871959,8108.652650403469,2266.6670371014884
250.3191562100323,23.78904960352967,201.74713984067898,10310062.465142028,0.334977689016587,44721363998.07258,0.2297716379305094,1302.338085549516,12.432744518450669,-169.45414809099526,240.7164487504781,57.715727705012995,24.26402160172607,62.13188720228591,31.16893834135298,38.80560648354938,18.651974331334607,16.035285761353958,5.669097717190248,83.2837041448999,23.385582444405443,27.093245478147487,7.856661882794118
135.17757148645904,88.91539624018311,126.52886687392954,6293875.871146363,0.7098766969668733,47716254775.708275,0.31309693165364716,3484.4268651006373,4.991565480523683,-238.38213679754847,108.20230840815498,3.7761491662794344,2.1385984182321267,3.809858191490911,2.239484087454821,3.4629600040024835,2.0610458326562666,0.13572258894594727,0.05240285415981765,1.3086433733634812,0.3687509058036955,0.600720551693924,0.16940806686055973
208.15280411298903,41.44215558935278,116.41953412000463,17939995.69315527,0.5608231361323478,17400009309.169952,0.2552849155358311,873.3780648732085,-27.11484557386413,295.70694217446976,324.9603372454236,4909.86264151498,1433.413053592013,5954.394179536614,1710.0905163282441,10463.711854053814,2933.768512237063,1073.728942847963,307.9778460320539,2096.676227842296,589.2537793504289,2455.4017645095305,688.2944713916132
201.05022980144045,91.39910761363991,183.81923740461232,12681662.861567644,0.8032933995119691,35258411031.86839,0.33182117664801813,2025.0629985703738,-28.12683436380059,240.27611005160145,-255.94629989768416,120.47464451798696,68.23945211688832,119.32896336525924,61.75034081888671,118.57989486949731,67.64084736194793,8.775583422576082,4.188509936143785,20.66601842147969,6.123402591268492,107.52046993426669,30.200447759546122
120.21758959433798,84.69126168056293,232.29634005499167,15293060.334554039,0.4235532042952102,63687606002.82251,0.29731072970871975,1931.5625145180668,-16.47129024522077,-5.365983194321586,-486.18702499395846,39.55493700414767,20.23217243317815,37.68632349039126,16.44681215589581,32.85561062597482,15.664028639280813,7.974234618488934,3.0892974300401375,13.624934516437131,3.858816004962217,31.838424131586507,9.010819238291415
219.08957822713384,39.23328758487699,274.16233743679027,17307088.53402137,0.9140783155173746,97803374167.87073,0.3453554977567285,2190.655199261684,-19.175442807198948,-137.3380475165702,-211.32260450761726,33.89856187885648,18.163939841465314,34.96328626527405,18.402214999911305,36.43923193177277,19.86522226358723,6.641377520116556,2.2631503050701194,19.44678285229996,5.491657920191339,23.41780384116903,6.582570450155406
252.43131150740834,98.26360117402172,91.03138314845546,1353688.5856067562,0.41782745110875485,80454850442.04,0.26284893937603593,1600.1890286184357,18.33578727455943,54.86838199313581,295.39587176047576,5.023286435473509,2.7916195284418213,5.69702557696571,2.8943006839913195,7.390845906160745,2.7092000366595763,0.3028789757225931,0.1334468397533019,4.4333182347630755,1.2440687199311717,1.4470490055589191,0.4353687252974262
150.9005312415452,42.373567322759996,104.00346142779821,5799255.1299328385,0.8759914861922544,75816165623.2913,0.34679291244208155,3560.4292272837147,-22.923571860079516,-310.7642081017599,55.343743002052975,0.9179822069044253,0.5173200019719556,0.9306733440153104,0.5494850182440788,0.9825417221425682,0.5791571446373811,0.04242960956973233,0.015565845053981838,0.3526269710182049,0.09943061435892005,0.17178484443533015,0.048285863377298885
151.4747146259805,84.0174155099523,162.43308785783682,7637167.27535119,0.8967174905621482,15411615284.755514,0.25045759787754546,1395.226836068698,-18.02403354243549,-263.19963624976646,248.70560219562674,411.0561275785397,168.3046932259986,455.04596177732947,224.53079850579823,293.19027888396363,135.89807529254148,82.72591200174567,37.392630609326794,567.7315072567193,159.83380349034792,122.63735918343758,36.971645442881055
141.07719169196832,87.04377814885908,292.9226684489041,14735274.83249447,0.3977552639986183,82621461354.10544,0.20382552761849734,2291.5318172918624,8.079956626939946,230.73244467202574,79.09110720207195,35.87298060957219,20.928531695734378,35.54269952239973,20.764358127163415,31.601362602296675,13.210548259014582,1.0860991929250343,0.5012543436943483,6.331899822747929,1.827575284502927,14.013453330995889,3.9365729200478015
196.705545614731,37.356023574884304,58.11309071850376,12804916.496773643,0.5866215772880781,63993460001.74228,0.2372179150123394,2948.669367703703,-12.198050964224898,-294.4497867457342,82.67454085402255,2.8052107826813097,1.5323581269207471,2.867306811510672,1.6640821263793735,1.8395165736291994,1.062324119588632,0.16824359701245936,0.06283901913818046,1.2424775311845258,0.35036721272048615,0.57199515365877,0.16112565820840644
286.88835293932954,34.03916221213166,175.61509277914,5890378.595258441,0.24100515699527103,6906054635.236424,0.23539748719470457,3785.8672094590042,-6.62960779661676,-101.55169953323485,-263.06574014411063,9.818142049305386,5.662767856714167,9.920131486416771,5.651218480458233,6.090046160196132,3.6365527147397896,0.5125844514462793,0.20243157004001122,1.9162381310779195,0.5399560393150107,2.6760572590013743,0.7513062928104627
214.5487490981876,98.70544179184611,272.2819453314121,12325519.76083867,0.21303140676530735,78659464897.13625,0.2702346227061684,2923.6851432928447,1.0958659408289364,155.97452025790653,100.22518304286098,10.565433967772746,6.22377658499143,10.522727593551199,6.229225343199861,9.237320813306374,4.978896194492816,0.22741450380660624,0.08241239263143195,1.8495823728648013,0.5240196711865559,2.4996678870337337,0.7035821974905827
204.57545388721002,78.82121915434264,132.14075809181978,19320846.932504896,0.6460423254815475,62139846180.51902,0.2431242295612708,2597.8793119515194,-28.858044483920516,364.7877143280082,-68.80915769869665,35.75947649037082,20.797278686833078,36.224224582169526,20.64504501650589,29.24069348540948,14.796616843173615,1.6070982148069628,0.5285416047880394,1.1778666699559104,0.4645467542257169,15.411432446736178,4.319956098791818
238.78927529176863,46.713592474044106,100.01488225871026,15479181.406994214,0.321263199303068,65554616177.58542,0.27837867844588854,2766.443423355734,29.012024327834844,195.53725077628826,443.9061579632813,5.04094181963768,3.019665777672299,5.063524745748102,2.899274053671162,5.115935122150819,2.5137545500007086,0.1509450843540115,0.06334360474052053,0.8604652158819356,0.24480736040220277,0.27584089609262546,0.12065645983300881
262.2285928407775,72.04032793167866,196.70617672110532,6873731.340483323,0.9523685590595676,14902728441.478123,0.22375272228707305,3298.286330730891,27.69913515924504,356.41995414867984,-292.08921589687475,71.15677727447212,41.34465623362621,70.80979304940665,40.01890492992522,43.136351310126514,25.020093280797994,3.590779201680041,1.080326479699014,1.3582423661865337,0.5826078526274302,26.33445806670971,7.393661537803778
272.9607465810399,59.65416487264526,132.69644801561407,1963215.4907767975,0.548837015499774,21492182330.830627,0.2980324123539795,3873.979379923798,2.7282864841447676,-41.981402795524275,-29.885220125893113,2.2603061862273033,1.333140504268124,2.2910356402629444,1.348961714131209,1.9303429867471236,1.174915326085689,0.0641451615351169,0.023110994119591926,0.43437710050627504,0.12230862242924144,0.4440040089816687,0.12450587559748823
217.5114853776656,20.665434887924302,217.54780315851136,13220079.829170536,0.6369249746237138,56425479786.17266,0.32991969225622336,2711.278826015393,3.8584381608518683,-183.5546091478347,-203.7231675904181,7.418083380778217,4.099054527699379,7.637438504018558,4.210261630523695,7.429007756218648,4.218158308653404,0.8901164899935142,0.323082475399659,3.3420815009471427,0.9431502001715752,3.617509775470155,1.0160295292740038
264.1880959899405,60.86336214427447,69.26042484018116,13468751.755936641,0.6495605039103182,59225455147.72999,0.232842772349745,1226.6651662137497,1.457080015068076,330.7757274402319,225.47764141229868,197.27387574865983,78.85342013717477,191.60697680376288,78.93716281946011,324.7048314186949,97.18265749685924,18.655508859606336,5.795113175616842,29.857201842821933,9.634897634956133,145.11491024141833,40.75731765682913
257.09557135423836,61.92196427803411,125.70129885481103,17478608.58622428,0.7588155986374676,35085368779.18599,0.2768156610465799,3683.6336935207228,17.61717373815201,-142.70692162161254,-314.37894880841577,19.79791750174901,11.321258553382778,20.01171090327274,11.248066318811334,15.264420902801783,8.91347923369339,1.2416575033952852,0.49742736827314254,4.564685739500236,1.286768461387478,6.2804388978985894,1.764341506355641
91.73174498996454,66.48777800366805,152.31850576247876,7734636.515688838,0.7175980304071727,59428887520.92563,0.2047377338870067,2266.652192948377,12.119771764996166,-156.30411059643194,230.92281510882572,12.005970975901235,6.3549150385176825,12.158211263611102,6.767923460006131,8.749994670330297,3.975568453473096,0.6964226287149566,0.31152273467971503,7.003221478542769,1.970257344375439,2.082388015284811,0.6090909844297743
290.6680958978785,69.58753655319762,148.55027602931693,18870008.029538438,0.26329224233727594,63222162743.31145,0.3357618891308469,2355.3796433073817,14.16980937259597,448.0201093528244,-106.34311557181496,17.50651868580548,10.185095642440874,18.145677745155233,10.202627129544789,19.628169715496462,10.939032747436986,1.3473614938557454,0.4144970131976511,1.6014124946796187,0.5765389669609735,11.18766376064566,3.135923317306889
90.37354031769854,90.50312061331583,224.14649015126741,10269577.317324676,0.6958291447008607,22023882924.717464,0.21805295258150054,4202.997281337566,-13.980425329837317,247.14995712708856,-317.3715948209692,13.00487062284033,7.646085866523018,12.910285667481821,7.433669190613246,7.221624086232938,4.398542974676977,0.29931376570513546,0.11947887174054742,0.562558963555021,0.16509203713604514,3.2102388768332486,0.9013083106767746
299.8463688378621,70.12295190649968,268.39140503914894,14561229.768463302,0.7984209205218924,32484411873.635323,0.2383995862100641,2314.7315303083265,-25.678932836128276,-69.74773874184308,-387.33841523164756,238.32406143033793,127.48420243615593,239.47616764384313,118.34931557466598,150.41498763129587,80.81761151720076,36.134950921212194,14.381916387591888,81.17912036962723,22.936466585727892,148.8946161702866,41.94849513490166
245.37261249483583,23.97997011322294,78.29158406330964,11825529.765063804,0.258866455580708,7331370380.3162775,0.2665225848377154,2878.8808374461178,-15.049555731279124,-410.50697035443216,255.4855781667702,10.077388923439159,5.298682706840988,10.719032191970703,6.007411558687029,7.578135657978689,4.334122824711478,0.7541168223332407,0.29835753377371593,5.64862080454087,1.5930954493327083,0.9422876426739526,0.2864381466476203
99.58712930667579,75.73320981890076,94.31547561603516,14001597.889181398,0.26703504117604154,69922936048.2513,0.21938144994305758,1742.859051261858,11.877767383159423,175.0162181535544,486.8149887501206,11.198215410513932,6.178663483114117,11.819054198703927,5.646791429921556,15.524313545693413,5.154753573677178,0.8412877215376091,0.3385274226207184,5.401381098812971,1.5218232141408652,2.7615951991303573,0.862484466466231
56.06512460447994,73.35068540995759,170.40414362512328,18117361.02234395,0.8235692680801354,85779129555.29503,0.2150338238506288,3130.2357023635923,1.662914033139998,187.65454715301746,-278.6782432848746,6.451692784663493,3.7351067546264196,6.405032167189684,3.579363359687354,3.771875299052074,2.155126812484669,0.2611958023179746,0.10493263969379969,0.6849152043484269,0.19562691106288255,2.49130962844487,0.6995709372361995
148.0570513657966,68.13462750381001,246.2699728971543,19839686.14648496,0.4399578964255473,73047008744.70552,0.3003514981215466,1245.6513917300695,20.793317345586082,-133.85502688742463,-461.9043085955873,158.43923003207854,66.59508243258087,153.92221312211245,55.0547429838742,135.51837769915346,51.22763965697299,62.30394505613404,25.005701054175198,58.78824044334396,17.516888415100148,99.68565998070207,29.321888226164262
221.77344507503153,28.710070636151208,102.402884454526,6404667.221040581,0.3297159064641151,42859869231.90858,0.25848818130730394,555.8358331556007,-0.14600290027960128,227.69661671553888,-483.6727844352563,120.01193106991089,49.02044143804712,84.92993459435209,28.892836643201832,71.96027947159247,23.368539813572188,40.954965613259,16.338433511962865,24.988566008496264,7.0278299198847805,50.494235294621134,16.376629502076714
203.32489012512363,32.57011619613907,102.82850381598968,9820226.542143475,0.5708793203103915,96557913150.381,0.2840617915896446,3637.3147118484626,3.3098164003547126,-377.7201701062751,237.04544305860725,1.0152304008981974,0.5639141745711973,1.048969414970098,0.6055708290841212,0.8203554413734078,0.48082606188469057,0.04458284527584457,0.017697113145849663,0.3793213876259595,0.10693938820206124,0.07676028728044694,0.02263549849506006
52.8956508105993,17.32498348192737,63.04716619927267,7967529.112821034,0.5989415358240081,93078744753.10612,0.30476383635221627,4263.38598458411,8.207287868701101,-336.6184254145026,-241.56982360016764,0.044035186007729564,0.025297804204107835,0.04516819661611656,0.026042645401801276,0.039144096973272285,0.02297140356876682,0.00251485328028619,0.0010401001477809938,0.011507936523032515,0.0032464780747644742,0.010233021923769679,0.002872161202861736
281.3594904891031,72.51986892068746,145.52055552388606,10546475.87802059,0.34154064097624226,83198404861.73264,0.3264533114413203,3913.9521159948017,-22.369386880452467,-487.4380428608066,-354.93054050451417,2.1112362525638044,1.182559944091335,2.2360516647796373,1.250876876730259,2.1091522133315146,1.1987397970303377,0.20421203490501225,0.08990644319044643,0.7546332426455454,0.2132750187129014,0.656963135092034,0.18466281322536554
67.63916251891561,83.29717699965079,61.69499279324294,12553877.907839404,0.8681303445303301,71467748190.91057,0.27411902505899255,1491.7889504152267,0.8116708380040052,212.3423384852989,-376.00804420700246,19.695787000909867,10.457725538560446,19.4032622106697,8.220122351915162,14.785288427314825,7.032841137993932,3.085438638283634,1.3570415032943461,4.380061668856449,1.2961974346297227,21.07149773225044,5.950727962894329
116.26880748756913,16.467217683039138,236.31935507221814,12226301.593160007,0.9585981847285179,14164201917.559946,0.24167068870362646,2443.9867368203195,12.780986894818142,285.9901559579157,-170.74868537123933,38.67333640464819,22.207589337660583,38.63123546861389,21.357605172557907,29.450454160346442,15.361191643500387,2.1358142739562354,0.755866430305933,3.2751591509507496,1.0305252869259982,21.53217583951509,6.040047560693662
142.8018568338764,54.62745089499792,156.02484621305263,4097280.272702636,0.8167168476093813,95875996797.8492,0.3198314344425672,3206.794981009248,-21.70255278931544,379.79373884286395,85.16480515395301,1.421139174350384,0.8421488206403942,1.4254449843319967,0.8459112824917158,1.4274556287885696,0.8312322197956141,0.040239436400710184,0.013469411719766781,0.038115279836880664,0.014792472166825495,0.3193410799167466,0.0897440527064376
269.58422050936247,27.514896466861128,174.62060575863035,12422223.921500461,0.7453261780579619,68430084609.27217,0.212464710316447,2968.8961713818308,14.712759119841465,94.18063735754038,165.03971536570918,10.734213852372712,6.327866098660296,10.80206511075283,6.366716156478844,7.697173893208328,3.832000366858868,0.19119436296184325,0.06506536889000311,2.1646945918686966,0.610364676095027,1.7747441708700717,0.5036662461477134
67.42348326942593,57.187598089122986,177.04986120243655,11524393.747756334,0.20630480719815972,45275689723.48985,0.34904863510566264,4643.324346876704,28.583912639732155,169.2053571641759,282.2215762780993,0.34364103779825084,0.20613584915628566,0.343198884528294,0.204902432898802,0.36750657597445907,0.22436188023955753,0.0026098207876737124,0.0008709967174832087,0.026461838542621706,0.007503391879687221,0.013782526398782025,0.004300029206266643
183.34749643935206,41.84895348366082,151.07238194835,15773040.99646324,0.9394948597650046,13400238793.148285,0.22840277407261003,943.2388885424122,-2.5790107771800024,134.23381400995538,491.9525680164669,2171.430392579717,981.9593073708181,5362.445162495459,1605.2508586113336,6699.3096936688535,1909.4235350741296,2064.122943517571,594.6670630557196,7210.231761105537,2014.160829631381,4202.785304785271,1180.8154683899204
110.30434617693697,80.2326259459308,261.1498250985454,8450990.2122293,0.48877032398116405,76667302740.77107,0.2667657503412764,2418.9194058175462,26.33062183164968,-273.4941100083071,368.2767223449806,11.51870972902698,5.899763094395058,11.844493294295084,6.416294251443454,9.29661036235796,4.877316497823787,1.1208674714718982,0.46220565845338774,7.786303203629013,2.191413645197539,0.6619593200620665,0.230019818811772
169.73532430605508,25.968155976774916,212.09216574333922,3153233.310884581,0.34794965435386443,23103392035.50234,0.3190314519276465,3355.288316440269,-3.5706085250903676,336.86591424766596,-425.2713599574262,1.2954476321039492,0.7523442866658662,1.2834812862337093,0.7050704194052201,1.197739932273828,0.7018948799568538,0.07097538303780103,0.02271608889108979,0.02529456447025409,0.012477975627612818,0.6032748603961907,0.16961677433790193
223.98812909720937,75.07087408115979,105.40889563899034,13130520.765494639,0.36989474619028057,26049498315.415634,0.2067613374302224,4520.4095544326865,20.290428736661113,-214.1343782851896,6.836842893500716,5.863378282656478,3.419809501996611,5.91048808901187,3.5047314303834427,3.078973777505189,1.8858681421463483,0.14488182451049852,0.05422456461857875,1.0553779233692964,0.2972903003370632,0.6900517292928772,0.19356072067682525
171.90683790803388,67.45657606045108,74.52079817930633,8633896.555179514,0.6903875992235988,35761817313.389854,0.21456359453650836,790.3754220226438,26.776108223430505,-39.821639268236254,142.5412469412696,397.98372120995145,174.36819357238298,390.3433827355848,163.94755237524936,231.029961058052,108.46545929094856,473.86628461752105,134.29298124338723,531.2982543435395,149.75436417704145,360.05927227691603,103.75062239777921
165.5154095090699,82.09980890052334,299.69789084688364,5116275.50051717,0.6577230099851104,69670336342.51659,0.24373310417453006,3269.637694863612,-23.507563953402283,-77.53335798016565,-56.32728476335217,8.35854543970937,4.840043806372378,8.457513972344081,4.911994210691667,5.676782090393593,3.336684466924245,0.40622165144004213,0.14567231818711543,2.206253496761788,0.6214508142747304,2.1902167446381,0.6142967390071202
62.74279928483881,93.92847829131485,225.05665728093632,2676433.275652676,0.4954132914693679,37319824699.337875,0.3432655280488647,1644.5783729596942,-24.718287466515868,183.98612882170198,74.13331105644943,11.344027795885305,6.235891053341859,10.230876258822525,5.9862649248794595,16.773419001720747,7.320759063776363,1.6016257431663854,0.48481240852391677,6.045159192754922,1.7125387204571187,10.069504613837085,2.825347988255536
73.45736436110998,10.897481167619587,173.50912869931773,2268361.323348186,0.2802785427716682,24336235563.25076,0.25628859928616654,962.8770450436821,20.592650494363298,-387.9415786930277,-322.0331204009593,2.1515465285063033,0.8447354364899774,4.09941951681171,1.4435793301906283,2.113142106964597,0.7804540157878433,1.5476596520909476,0.7621780996484375,1.1563753163007453,0.4416401274179222,1.0869383713545602,0.3454092026758375
229.11067514118565,12.497480546177105,276.26439130412535,4401790.360431425,0.4806262396747811,7564031024.202043,0.26838198686693887,2088.3657211675295,21.29659258765227,-0.8130402263731185,-492.28420417727807,32.27827886631773,16.80188613479989,31.105183036994568,14.012597761612348,23.38098070166151,11.525445197581282,5.465037781783048,2.176416525690183,10.103829025751425,2.858417670759695,23.973699057784938,6.77765682773854
155.55249780825946,75.62676927410286,271.0601156985062,18044864.612609684,0.9996193069933663,43688568299.90741,0.20031638597308504,918.2979589397454,7.392244756000835,-277.9740144559729,20.886757187647163,1812.4327050869629,709.828706946556,2006.07797945176,999.5982789020877,976.4681161978201,464.903360667107,1254.569110860825,426.3981914330256,1373.9340404984114,425.8135809923865,810.949983879504,261.13546245852046
193.66320656857405,10.173518113329488,291.0779701320198,16452058.484715542,0.8778046420510084,33892653156.92951,0.30234491725555124,1186.9154441413316,11.241614524191021,163.36551699285155,-266.50873795973655,172.89621087796283,87.42062689873553,180.242436087742,75.77264993358827,154.95134018074438,67.63445566934836,60.42923772525856,20.5322335581164,60.955601408640646,17.865150850805268,197.41209884095358,55.992863430147324
177.32854313529313,45.026118178352576,256.3374016837905,1781773.9197532549,0.600908932637664,2372417534.850729,0.3054175034235187,2114.8493901649676,-0.7403023575347945,-230.8873136588753,147.36535719529763,109.67879678934962,55.89180051960254,113.29863426815545,63.51044147476323,98.6041965126546,56.053964538120596,12.73512788879,4.55645594281685,88.86553842400515,25.032776577815554,36.035914226749334,10.239738839174956
130.9929244076926,63.17503628132241,295.75767498851206,9487622.994287746,0.7354850133629951,48459082365.24918,0.20168095308784215,4036.3435096622625,-4.587077544192109,292.0367912850119,122.26910804624742,9.119419753568838,5.411122701811876,9.079949126818276,5.409249321490003,5.260421504473866,2.9264807949217952,0.1342650793482094,0.043036648876936104,0.29185559078250045,0.09192869013962111,0.9862710595362773,0.2780059161469045
174.53951265007584,65.3056585068557,92.34424222069858,1644035.1571182979,0.28753936776535644,31306251777.099087,0.23377785587203873,2392.065840715755,-2.006591108723054,-87.8837620371587,-412.17536423131446,1.7024888105296951,0.910278604594869,1.69929248146978,0.8419337411295236,1.043459188259679,0.5603063707335192,0.245513451576272,0.09901458957851686,0.5727617476585819,0.1618097639788333,1.0094098602778478,0.28446200309078423
226.314563192839,25.253554764084527,206.13921220465042,11571045.993203484,0.8349802368159329,73460571355.1481,0.3306815429612743,4163.0376345383065,-12.807667360041854,136.67761652008892,-146.90916052891959,2.2859190152774485,1.353042612987752,2.2913089042109895,1.3425049536175766,2.262499567184715,1.361127532176914,0.047501638587907354,0.01865021718897566,0.22764325373808172,0.0643956133647424,0.5244675753603141,0.14705902052852657
241.912598078178,53.43886294766398,107.64689486767352,5359497.601868389,0.4452527544304413,8990326132.234812,0.28519866900078283,505.4948479009887,23.14806511626132,-84.03647270596713,266.1265639979465,2738.723786374184,1101.4209698207262,2919.4295296544487,911.597547992172,2306.031956975199,909.9737538086258,2040.5684466021207,626.4407180064545,337.82197284165613,135.52515426282193,318.17625030956725,127.43518920529712
217.47170073633788,40.7688209585431,75.6143255494303,7190025.4908860335,0.9951281285587747,2730668391.9511757,0.22046660973378324,693.6800017645107,1.968431749906184,471.02066796040367,-76.18258762371369,5496.970606910394,2497.2988148933905,9958.649086117499,3711.348611319976,6020.182614696348,2093.0250162301,2620.2318967485257,952.9915412945502,1153.1418036675454,556.1815479334517,6620.963843907228,1908.1682884220513
119.9757247913377,97.95364170489235,123.27956570511118,4324999.881445263,0.5445541082501129,54214261299.218216,0.24944086454410175,4666.918475983785,19.142274160871025,384.4845691436519,-82.48150590520004,0.9136705435618175,0.5429037962561872,0.9175058690985115,0.5421644789488329,0.6089781411410948,0.3729444040946119,0.015530657206524821,0.004748020251590315,0.010699758513529724,0.004266327781844702,0.1362886005096591,0.038195579510573126
114.79930845055787,88.4354088553938,177.8625404285067,7110186.497655084,0.8635703463000244,88805776619.6794,0.27231724485926845,3226.7706817958883,-20.093978046804693,-491.06212958277416,358.2279198794853,4.551868171214736,2.409971820116873,4.845147680876417,2.7072490553473814,3.5241397653263866,1.9979472014049455,0.39550217810060223,0.15996997872132485,2.358231965364735,0.6651337127371956,0.15904144611784427,0.05636049461036685
265.1865753387674,89.91644094095797,118.16937554591651,16017476.6608518,0.7906069764207848,68961298864.41608,0.307791708864747,996.5641459958605,16.10557109778793,-193.7516892819345,250.37986951488313,467.7712989207973,195.06190482073308,534.0823925094795,246.68258863475432,452.8922128981693,168.00968462427244,262.4972997762369,84.79823958254039,872.575468116246,245.36440233155554,285.38224575379144,83.29329091553363
160.7808914629481,80.91974595442514,168.30490833156512,11724424.83652276,0.23067299773283992,46811195472.978455,0.22255616202305822,1088.9803520021883,25.458671437610214,-295.0333514285187,-186.09574810258994,92.51847193528803,39.40567782064841,127.83713851351752,53.03039384324025,64.22894658278734,27.011888582925828,60.862301568179404,21.04665438784666,67.69963454123359,20.51667589437118,59.55696361699262,17.37672502167095
215.34675347163764,55.61364802187591,96.6692693173224,10870211.672952937,0.5003616116060778,67382400794.24879,0.23194264146358345,3139.4419791759224,-20.114991759162663,340.63589691439813,-116.17232750149805,4.628355461007867,2.7028362165379956,4.662638582940548,2.6796424638468186,3.1929291230615724,1.7557706948420402,0.1572649983660839,0.05035618256296563,0.09875650679762242,0.04534139100717822,1.486194562365045,0.4166766398996082
208.82477766814972,66.85919720840539,195.55491192199278,6677554.510918837,0.5951101704293932,71284315524.1473,0.2805010122774988,2250.8186783893825,-28.494267055468534,38.89931484699764,-181.3906268967542,17.239396234765927,9.721123786598199,17.290806704356434,9.415803606233547,13.587904255925478,7.983756962210547,1.9867660519419386,0.6999064616523779,6.1910480330916915,1.7463587331135795,10.830277217398283,3.0405159259227776
162.71693230655222,81.44032071614839,87.17377430290799,11330892.48656009,0.30466284448637737,6365505786.77017,0.28833148542659653,4117.539946485935,-1.436528075071017,307.47513614546165,333.4441465583135,11.372972594710408,6.809081058728029,11.387133274784325,6.74797256922274,9.465939770155895,5.6983494615459,0.26534739687728826,0.07977070399523524,0.3194136737808307,0.10640403949682888,0.27227091488359334,0.11158983592112734
121.7569146676101,14.959905326067283,87.80730684723036,5635905.209977775,0.3831603855863511,72723133661.02234,0.2989033649360544,4021.4569397084665,-5.285674980494743,24.705602963177398,-372.5459593972724,0.08919317591427811,0.051989020199749714,0.08895787241212394,0.05033049170418155,0.07604846006889679,0.044713509607972594,0.004025300183012011,0.0014914573691781666,0.012464073014721385,0.0035124128908280245,0.02743966230964302,0.007709996324624806
86.48435740636606,65.4044408403829,179.09062271013474,19501617.798180856,0.46965338534547446,46384565158.53598,0.32191548633118927,1285.1580845486162,19.501075412422267,143.6060996128166,131.65587808257135,118.34475225300177,59.62655222306535,108.32968403487426,57.65321276436988,190.20488626624322,70.96427117590704,42.3543933325448,11.980822474575056,126.28544181527965,35.488638930395716,142.9707418747174,40.12828298226088
297.0705693653827,96.80831616356778,229.3396157428919,5421000.263190715,0.5108572606084653,33470945511.334896,0.2921031033116783,3960.2524335954968,-14.974868445710081,-346.80951523244437,155.91452574922369,10.690384686105482,6.052381771016004,10.949153197814537,6.417125676518191,8.941107805121396,5.2992163625787345,0.2968344959098014,0.13518284889005175,3.3330237884942386,0.9396062574976335,1.076303877232914,0.3056444652255943
291.4617415053563,71.14215170722177,55.0537959394587,1058306.956659569,0.88468744174212,90024098013.9648,0.2761391808216261,1867.4162104843028,9.992168219511875,202.06809999165318,-169.19838387316554,2.3140919753769804,1.3072693460264349,2.3405294991580825,1.2333927943390752,1.9509913327072659,1.061024652514101,0.21399697638973628,0.08615628897412693,0.5944242235957415,0.17056425556815133,2.012942104318476,0.5648450055704323
137.8251253883236,44.62731005623162,240.96481867089048,6044092.447571325,0.5427271100397129,97332089424.63602,0.2592654985704651,4492.31979010294,17.77777339393755,-178.53145689905546,-395.0231227752828,0.7775697735745396,0.44995324097505834,0.7813625421965138,0.44448577248641497,0.5463615859141889,0.3213247864101988,0.04191641467886425,0.016523731751524,0.13329726343979664,0.03756789447310115,0.19008060229372167,0.053414499711725946
134.45209461667355,78.03796762397059,121.05086105143582,16672920.99794189,0.3619005252272202,54686138265.50946,0.3384769828862907,1717.2741382614565,-2.819554977470659,-14.07638876783625,-401.67930515285184,26.4428446551514,13.34151993229849,25.911642855096446,11.253696565712312,26.923373147783987,12.624874918663346,6.929850962367646,2.4568075626924832,11.733242466210955,3.3244546920351787,24.297809055162194,6.870801936346284
227.50876570917376,38.728114276107874,185.09173358919412,3720729.6660637385,0.406094072023103,66833970312.39045,0.22527511436450853,3446.6548807471695,18.64481903339059,370.23573611288316,-100.7774601852654,1.413723453599478,0.8293104635731956,1.4268056663945747,0.8269740120077086,0.9217517309601122,0.5164205088938406,0.04506948317851005,0.013433842595498922,0.027292052845803626,0.010679996646125239,0.3728303033752059,0.1045134202956232
232.20790397393066,48.724838717050055,154.86170175909308,17533267.98013555,0.8818440701430144,90604158440.88013,0.2200041008352817,2658.6284402948413,-13.332139821260103,80.57317608575204,-234.98929178224023,24.98734998472249,14.30108190339988,25.152245459100293,13.815464339435131,15.49768299623012,8.636333540004747,1.6693158370991856,0.6714910565999114,5.42985144382556,1.533218732803494,11.917008972044032,3.346263113490325
164.56110300250134,50.941476656568916,52.08887293839347,2083045.692037115,0.22050343782005313,30312850749.609516,0.24796629223022365,1312.5827357841254,-9.226076806540817,147.1294099222539,458.6976772640131,4.819499048749719,2.2187310171547816,6.068721256897275,2.243487042806649,8.84819746327238,2.688467971707551,0.4584393390192431,0.19238467809583487,4.70914133122192,1.3196879015549077,1.6357261181627154,0.4957478238286359
175.48544794254758,80.02822376039686,141.37866885015785,7424182.103552956,0.5546735683165964,80048673070.29594,0.32751382608323515,4126.354573666233,5.807765233108249,-427.3807332037498,-441.78188223033834,1.4630021595800138,0.8250503434981711,1.5143027119716257,0.843014569248843,1.4513324906511504,0.8247097927150184,0.13369858841723792,0.05841874462481858,0.4421613391625587,0.12490193543666818,0.4607356770062172,0.12959157611664265
180.0913709810518,36.55037603236546,197.56684790935512,11122137.714290591,0.8529264184780418,16903449384.950674,0.3148819795906783,4464.892778491657,26.666217163145227,-257.8654030901914,3.814534282189811,9.234680234111275,5.369082465809422,9.318037478822117,5.534334198668516,8.50222229493627,5.115013535298595,0.2661451163375703,0.09853742396768742,2.1138582738011285,0.5956354889040661,1.2940249574463245,0.36298242632961575
197.80937804046158,95.78034678165396,201.2021719055886,9136918.489376074,0.5168531646242311,3294154852.730029,0.22574439934179197,4404.772295526829,16.339926390733524,-97.13744333167028,337.035755962499,100.88800320748457,58.93620392187785,100.99435669622606,59.22558831307195,60.54545947704951,36.05696819686729,1.9033690184039236,0.7390761166601889,16.244080636853827,4.570993122959492,1.8170465203191244,0.7680441104979043
146.14742577742734,81.74796135652282,228.40939389850357,17743287.047624625,0.2545277819687629,55086463059.694954,0.21659721457973305,3880.8864317219745,-9.895518884897701,25.5176472587259,-126.86456188092222,6.1989676847093325,3.6475856976458654,6.238763190550318,3.6350310046030354,3.5750063453378207,2.1268636334818405,0.17760554732920342,0.06991397841360972,0.8873567030710767,0.24997677148217634,1.3250039505035338,0.37154636768665017
270.47965531238935,21.477640652347006,95.59577056720568,3658045.688506356,0.2951479500370991,36299376281.78195,0.2877256553075782,1784.8656573454814,-3.6138893222239723,-148.61605140750913,328.49173340188634,3.4027054671339574,1.682937057778271,3.5104624637699713,1.8790783336116625,3.6378815762849555,1.646354576872828,0.36723149340372024,0.14517494101384956,3.3080850539843967,0.9291213157051804,0.3843601962066166,0.14631313211262964
298.1091414106283,45.90620085046445,249.76868689201322,19655396.71276695,0.6694254432629682,29216179136.137074,0.33318750251610885,4916.158753280684,7.708864054606444,452.46258540133556,-164.69234650007002,13.516536569203303,8.050589802875583,13.642325925728544,8.057918439000666,13.575062344906652,8.182187100915561,0.30864144876399013,0.08983711714260853,0.3530758066315407,0.12226209838107316,2.4181994107556535,0.6779071768733854
199.74047511557285,82.82475541206445,281.23042551265235,13419051.403646028,0.6102170438852932,98534541936.11533,0.3416364097699568,3321.5224451888716,-23.100030361176064,108.6658118141304,-497.61959711588315,10.42663472403075,5.9877881741289825,10.25409469429733,5.479636781475354,10.746078592074259,6.071785002465777,0.6710582789649444,0.24921066692248,1.5291093539452345,0.4324767898364054,5.231607805446596,1.4726976243034469
78.34121770410167,31.099264423894844,192.5093833914729,18653656.610963345,0.9098689732946665,41943344907.82008,0.3339925126735279,3406.320901420898,0.19363240975769358,428.1953763458845,462.42212449925194,4.9348239254159525,2.8831094227002896,4.855457808373547,2.8157744010031793,5.251655382247678,2.980695242174106,0.28701524138646844,0.09476497310394186,0.19883179928356798,0.07397311438386313,0.2603219882069958,0.09966907312875892
139.00343943011623,12.07326937022672,252.88807341568852,2814641.8547787257,0.9778583804542256,50440631455.90267,0.23462521614979667,4722.039575518244,-7.746105378145312,-471.35631056477933,-229.27071934518239,0.322205554621321,0.18538529059734152,0.33478348582523987,0.19437765784394387,0.2016713898016825,0.11970727562102684,0.017229480508007836,0.00732266351383489,0.07662442931028607,0.021626151626879024,0.056193429596207954,0.015768324328747918
273.98561854738307,24.547280737473432,172.05975641761893,9013205.877299864,0.40872107706757743,94935287869.83243,0.26534716787208845,4333.259036969636,-7.410650801850409,418.792506913842,392.38050674827673,0.7644054804162681,0.4521469583897875,0.7634538406916479,0.44970691341951496,0.5702355793634933,0.33888025551487433,0.025649373711573685,0.0081569877927015,0.014315372376295292,0.005872871521134033,0.015917678745805384,0.0054367482857232636
60.22912215649367,72.62428002854362,202.57535848848775,10664967.33076176,0.5324824008304891,68027946674.094,0.3138235230682496,640.6954097588779,10.2710403434508,-71.69330735188242,41.19681722098858,276.01204878452995,108.43697183354617,229.37771880888,96.30811943986778,221.8893008249547,99.04568429379982,213.75378414416448,64.80304861110729,85.00504253876424,33.74130998228485,96.96191884229876,40.78088044555716
280.21442696960185,23.350388504250397,215.03848579803213,9344502.652714409,0.893984215170583,3865782401.349195,0.27995993257093293,2632.511936837654,18.082371193793627,-18.906298195539136,179.61036019760456,215.9765280659406,123.48580893831254,217.54838765086865,126.49213500022486,199.28364146947894,105.49718980944493,7.294442498643301,2.7434410652214765,81.79981218647957,23.015646451620402,45.140510699098336,12.859251247583707
56.28251591051702,11.493669150149188,130.552815586217,10062314.135660661,0.9826373924764296,4765021108.120205,0.3209702332720427,2775.404781179429,-26.51675271789725,-344.66958353179325,-424.8198469219649,8.152578491855683,4.326198260211694,8.553737066505821,4.387858418319931,7.913101489086722,4.195228524651558,1.415765912731966,0.5950874619707286,3.844416170587904,1.0886650870893042,4.3665666070923885,1.2305713408724805
261.1148456573567,65.82780164801616,275.1994347482096,8786587.98045997,0.27966258023604196,53235373698.74536,0.3094988036522652,4903.089264885027,-10.08394711956057,461.6185242725852,-10.449139376081462,2.175797758235,1.2963301155770997,2.193249375067312,1.30558644226512,1.9572611666545676,1.190669006749867,0.030486023447919543,0.011172318827103041,0.06358818315394331,0.021218928285594785,0.2781420723868648,0.07796133246509833
286.0076882304056,43.562671083185606,136.94370287329417,18265000.013626423,0.7211028470883958,81934905483.59837,0.3146894662426955,3387.0760529978497,8.425104624365233,-405.29705429297394,-98.41787016601751,7.398611245720337,4.105420565852339,7.749980679013358,4.4854458957951024,6.9320132216499335,4.047051026998839,0.5959182921577478,0.22257645262157086,3.191582768959486,0.9012356283955694,2.032784541431294,0.5703425301890415
184.7664109439695,50.472763820107524,189.1093219977112,3303682.24063444,0.4125818320219898,18299296288.44438,0.30719945039656993,3524.9712377781793,-14.251020437546737,315.252196423134,185.82896727502919,3.52905644695689,2.100244718398345,3.529200245165702,2.0996518391252352,3.3005036632573352,1.9444539481484313,0.08761887858744331,0.025807238811020525,0.11899108619390121,0.04194839230207636,0.4373861657416222,0.12461955704277095
191.896805081741,96.03771235730842,235.08299901040616,15000156.63439176,0.7010780659796334,30060773253.967495,0.24580952207575288,1881.3689070783507,-15.898137882998116,-45.510114609379684,-194.40588290762548,327.3142263625026,173.8189025543306,332.0570539934977,169.92821306800363,216.73449597577678,120.37535437464096,70.12002258736175,23.33172743746794,170.88349059313788,48.22620142393846,243.9327740073479,68.56588232757555
248.67781364803477,44.01225391549524,198.95505372823715,15632377.671122031,0.3177589456406082,32130575599.342236,0.26123493455899,3021.3064916180056,-29.375820219507688,270.7068551961506,286.06765737718763,16.893449200262097,10.06244328043733,16.924919221543906,9.961735886256808,15.027517992373804,7.7236188949804205,0.5926156721715887,0.17682187496451354,1.3283752156424156,0.3971010151172188,1.355789590702119,0.42275054551235725
63.90238356147081,84.97534543542032,233.2069699797969,1500063.365968552,0.2711837937391427,82889273672.85516,0.2115173997476394,4452.3757667338305,-11.16725029248784,-127.12936211417548,-138.57475682700402,0.11529440036169548,0.06757613709936697,0.11598326898620663,0.06809261842844767,0.06208838181636484,0.03798343720450233,0.003526735128334652,0.0013963069026110022,0.01819919446975837,0.0051255725493526885,0.01921412604061331,0.005387723932619345
296.04771323409284,76.78461612963457,80.17946715310322,4670504.798640844,0.9507364714722404,38614388625.70389,0.2649930410891337,3158.296391086745,-24.37730369166905,301.9589157551501,377.6141827789995,8.91676105688817,5.334972572519712,8.975060741080343,5.242375722200251,7.891585508219074,4.123173439466063,0.37503949583264873,0.11814763280104851,0.44531197406843553,0.1433740614497302,0.3261000603579756,0.11249069765049093
159.92864610482124,14.787121747495714,140.9028606266679,9205529.595800258,0.8412809615589325,10311177829.18341,0.22636307101019434,3368.4292385527183,-20.687587288171336,-241.70430510192585,452.4300294195972,9.981654579827484,5.534625073154434,10.021469060627284,5.6421732735353025,6.41699249629971,3.5126759139151083,0.5644896425989263,0.24211351558630373,3.3651887042965196,0.9472868030939807,0.36649640671760325,0.15684898961029442
170.15209857151888,92.05861011779419,76.54653732805835,13349039.68231388,0.24563601501738344,91852358100.86664,0.25923765982189095,4974.865402430432,-16.07666820751608,420.09216194932924,302.6380636432117,0.49539739621585804,0.2950608205011552,0.49542408614804256,0.29478744059950185,0.34712270549521174,0.21280591610893548,0.011051791936602277,0.0033698106874064486,0.007235507344586674,0.002951522139343267,0.012361437347245971,0.004088682530244114
213.28026491330422,40.57908712328378,213.06222804514408,14607783.138918506,0.6978730262988836,77721903044.1166,0.30327636294803184,1449.1460965685067,24.52681676220383,-422.93400315236295,483.6950021399563,62.90426834777669,24.280573689410335,74.7136247437611,34.24717255366416,60.258785112725356,23.812548255109142,22.805442387175347,10.215823900443034,98.99103288386482,27.894624799503173,10.577858499461291,4.172464154781351
109.01376495172178,99.57274881808533,98.14946249021453,14905986.249941785,0.47860906280546867,40354250579.72121,0.3083633553756897,2473.744412194331,25.620002269006875,-391.1671886524058,416.26727181946455,12.866034668183234,6.426797541876375,13.597161876498985,7.289392967525575,11.831339001449459,6.418949495015288,1.6069641044178213,0.6930337854633967,9.828689364425042,2.7688376575176603,0.7785621651351274,0.28607069365006255
152.67358179057317,52.52893844669292,281.7934803141531,10696422.181756608,0.6304124055129777,47288685034.24408,0.2615623003788564,2553.982445498794,-3.988354426139761,388.0648913245666,-62.7695517574611,27.090216031398654,15.778232018389087,27.570069735648595,15.700381025679249,24.135366777536166,12.312922009319609,1.3926499755374713,0.4421386984457883,1.0221253374670236,0.426285124368658,12.701519747752197,3.560075147779881
172.95341855786592,71.37031326552102,282.5188899085413,13617886.180201156,0.731397370550158,81211987893.83687,0.25228481098200406,893.7466754143811,-4.261791522690363,208.3177221262099,13.779927561366094,1009.1989040693651,483.9773823573465,1091.8824974609963,500.71304187517734,637.3657741729645,286.48887882649,903.5611864048967,259.9698907314074,644.4479985086034,188.8428774580561,1775.3252748934526,499.8398662955717
195.82025354449152,14.186927888889159,54.955901641032646,7889261.470356082,0.4591698716062155,39642720255.19592,0.2607403846231853,2995.476871223873,15.364909721447752,150.9533096612156,476.7563243180107,0.7074475524841773,0.4182852716813646,0.7033718568478489,0.4011954771046151,0.625882737817099,0.31610119665505193,0.021864860503964943,0.007907328620252705,0.12368893369699026,0.03496575409169194,0.05067362658846456,0.018313820973750918
115.60387998964737,45.1440334547182,242.10217336126982,3480510.5065333825,0.9015496879582827,42449686626.08482,0.22120329321579105,4882.027974509804,27.368323582002645,311.01865494846527,-123.446775888182,1.299368942612684,0.7721033975975657,1.3007353122648164,0.7679930693438644,0.7390611658295808,0.45401224972138104,0.018811029732820866,0.006043723425330316,0.021768727449318733,0.007492180561155489,0.18592160339875854,0.05211223464535554
122.59761346359018,69.2362633589717,265.9935057189491,6720886.973643497,0.5741502391504263,78061563698.12413,0.28919637802981485,4225.764497446151,17.110466986499922,-465.4899538449416,-365.76377631402306,1.7708717350990648,1.0013135635235162,1.849212637231326,1.0426034272744877,1.4745596066111737,0.8485055745182194,0.1448931114394574,0.06364403393218991,0.5250075870928855,0.14829783664321794,0.47330063309229853,0.13302043694029286
177.9614979610845,39.94901493198002,107.22356812067412,2779189.0866812933,0.7874509111421635,53812772462.865425,0.2715154432006823,1557.7601540904757,23.780616898148295,-31.906575976086287,94.60088389809266,10.463465005403807,5.508568424177492,10.27867518166676,5.869833471130044,10.673502075818167,4.929757470852812,2.5976522758666056,0.7582058582703923,10.109791874714787,2.840725451802607,7.601401553531892,2.1407040486265068
108.13150851190892,18.923055546758278,288.7508770558858,9695976.521833101,0.8365019335220492,79058036295.43007,0.3231823176425892,1082.9283639559262,16.736579388900445,128.5578955345204,-337.1564791265365,53.15059248818377,24.42612962023334,52.59756098981259,20.340718445818858,51.35130172088981,20.47797360060399,18.420202575276583,6.575719733643204,14.543657646873688,4.342389202989447,43.609962173462094,12.653061414859947
81.57037084683556,26.511331165864902,226.82789415684434,7828880.22213252,0.8662493050073061,48939345638.326515,0.23611522082396402,2576.0873284519394,-26.86169622247441,-496.3622960555321,-222.13209391371856,4.958609283861943,2.5539101003528564,5.674071242262039,3.02974656232227,3.2893347993083655,1.7866976799325254,0.962301098712209,0.37888029538194123,3.071334755301839,0.8709234631410542,2.1595990181435427,0.6074379647115198
94.72930902770361,20.824796991391487,139.3332934685105,1120410.0052973488,0.3764736939712045,30828745082.799377,0.3482571930569397,3050.015087773831,23.07883698157672,-280.0895701181323,426.73790298370454,0.1214501895358185,0.06600890335671031,0.12301731821512256,0.06885066497549203,0.13082341906100678,0.07445621357887319,0.008665373874646425,0.0036960137558804725,0.06122098965756558,0.01723621810905165,0.005638932907781862,0.0021978861945135164
230.20792541012838,47.99903417810225,279.1962346880056,1861558.6050277601,0.32618931872557894,60431028401.71357,0.3292761957777314,1147.951938706115,-12.395877317176708,71.42287273954514,411.334416820088,20.332407897741067,10.006038777727314,49.23210046594041,15.716669712103442,59.42099765800858,18.386280522210615,3.1627170334024712,1.3941795896562021,57.96585494255267,16.202859208428755,9.287552985147926,2.9053917463523358
95.07202266587004,94.24147584399029,262.4026148036931,4881925.870678747,0.42497364374711805,23492020350.931828,0.23779487944067018,2858.176930943423,-14.572648732795304,-355.81894827601366,396.2382723135273,12.656414250935152,6.640007022185364,13.108262020070597,7.201847733118826,8.549568540953219,4.658828741275417,1.1214206690642206,0.4784625930978287,6.765959597400562,1.9059901332684819,0.5484107477187469,0.18631082694859583
282.76233994291397,33.02766794331018,208.7825779219916,19528423.905417737,0.5596029161763487,19404526950.273872,0.2411412009522993,1343.1704548157848,28.383915782899784,-360.12733455619934,115.41363824406358,473.5852309777965,193.08157483551335,572.3441997623634,286.63235065308515,336.3086309926836,147.7284489943154,193.88202913590726,66.3658652790236,595.4148056319842,169.2225941731506,256.3606642744643,73.34811185189832
102.11501290757532,37.94082309203904,238.8778123238926,18354852.40064706,0.6615618333082127,40752662711.11197,0.22744383487526576,3653.1234944597495,-16.90579500371181,482.7920445390873,-208.18999791226906,8.752018096101342,5.131991055434115,8.86049307994651,5.103173791309502,5.489250984919211,3.194551230673415,0.406139057460107,0.11936077893155526,0.4722655492276662,0.15273050667430785,2.5033929161643007,0.7021711066894056
255.09782046580864,63.81755570928307,98.7918742290047,19916650.351145826,0.8464654748719296,8109264953.262013,0.3101456408762351,4082.7406389817143,-18.49196765953922,218.78003675966215,-355.8900274408659,57.10570001903943,33.584372727011264,56.86109525365527,32.49113298517098,51.06700634204692,30.414344962921497,1.5016490095288617,0.6087056639923831,3.49071671527595,1.0069603058072663,17.41466724041487,4.8914283620875185
275.9119593112141,64.70715351845303,263.42935896892675,12002058.15470701,0.23232930009578062,56472505503.797516,0.2755730541837901,2142.4212582393934,-8.396238399139573,-416.533232822807,184.1200639330997,26.53470234451491,12.643948491421293,29.84982868717554,16.179025587061968,21.547037820841442,11.55623086364652,3.1791609094338646,1.3996526475751347,24.012827206263513,6.77965242281465,6.2989562932132745,1.817436150554576
222.81739678799556,29.095572011576195,137.61209697627544,5504795.040086657,0.9898406124922943,16820764562.829615,0.29434969291533,3850.0264891619727,10.924728331001916,264.8776573121171,110.46377441299455,6.327295060936554,3.7591787866015443,6.311880190911762,3.763129205128129,5.345441439232366,3.2584619535910035,0.08235353868055134,0.028627214311727486,0.33215167546544994,0.09888952047321721,0.8727157966222,0.24575571199917826
137.20100114504066,74.20840575616228,110.40827602242427,16185904.429411383,0.9711629753579805,41525639903.88379,0.3354462679838224,750.3920377419024,-8.501592222378957,-265.49338487134577,-418.2336064549,400.8422505570291,147.39195443336106,592.2109064470054,187.473607647002,504.78981290580094,160.62060866378843,257.20007420268894,124.4419029267218,181.73558348964647,59.66326275151338,110.06078573811772,49.78954463692124
143.7670162986144,91.69919529504966,166.65497576427884,10974841.302740153,0.2003209011641981,84564144158.41315,0.2924665106103684,2837.0039892637437,-13.092350709920918,-300.87821522957137,-478.8846152078399,2.873298796474573,1.5328491428157403,2.948224304420117,1.4991350816441091,2.412213963911796,1.2815645999270322,0.4567142281381817,0.19860897380031092,1.1561856287541235,0.3272569442097723,1.4961979130549592,0.4218701185691961
131.25741585734795,19.391240032393007,180.00037706976752,13767301.816771822,0.7256765479465768,94323234994.22278,0.2826623073047973,673.2568751119235,-13.682519866964931,-247.63410786246254,37.87699618928832,104.14089126598573,40.03150491400477,115.81814716441417,52.30520952399917,87.938911799384,36.42813102204798,71.76258594533707,28.439897697941248,42.033814131637826,19.037173147151183,34.50470038501217,14.233546114147575
278.45964558605385,51.71449288503868,66.07158138770347,19357618.746099595,0.3870280033114811,61279484137.12258,0.25452286178347644,1038.8635647704223,-27.51786372266291,-52.366952031580695,-333.3188190198041,122.07374324625417,52.633349040401306,126.66997403866189,47.98247397433517,86.84172201828181,34.21925664944747,54.40623201988456,19.08984788523244,46.03485075651839,13.492225712065428,89.6784390840236,25.896341289296014
85.0618333003401,86.79193148184203,119.50394339485615,18797767.501354028,0.46443581629869346,86913409183.09329,0.253419214195675,822.1879056082084,22.594651618116032,110.36928327368969,-18.280207632873385,205.32595216630642,97.28167438013809,212.7815755573102,98.03484257189443,144.82405144405553,69.43157937007511,247.80248500528097,70.41037398759232,187.78002582045696,53.67057461881529,292.63547098763513,83.1612017791356
205.87698555051654,53.12660865612827,164.01190373458127,13910532.74290899,0.9870718226158275,93021525656.75475,0.3238729161646934,740.168806093655,23.6772527543176,352.6222764916638,198.35577796598898,2541.3953045903236,743.1209089484596,2414.8146080062934,717.9402012626798,581.7135517750164,224.74201997825048,1374.0975066404278,386.8868128366997,1564.7630242481582,440.1729120816529,5483.310738133402,1530.7878558471298
253.88049804791063,85.21606816664675,285.118388448357,3063741.0927941715,0.5917737052249901,8692558674.985424,0.3272549451736577,3187.1128943891026,21.988797313661678,-22.379404063036475,27.52526482916005,42.38911258840735,24.805453307528502,42.80612018782288,25.17603102711594,41.31528428117989,25.23132207837423,1.6030365616221847,0.5389802125264044,11.922882762492698,3.3571099291018283,11.030999504657913,3.0965037180908017
58.01717881179901,46.22070303542298,113.70709252111737,8403302.470677376,0.2279411766157139,5565416619.687495,0.31767846771981373,1989.863096514958,-3.282465734417002,-324.4597026132273,200.30711344006238,13.133567511118947,6.270971973217289,14.114117594819238,7.6494653282576435,12.738539052054547,6.792175162175536,1.5137621366341019,0.6852251413243132,12.996406566631968,3.6641057521403027,3.4948692978576608,1.0123804304053392
189.07077500670937,54.379044421060414,148.88226537950038,6935080.080926646,0.5070858132092129,21080888367.9306,0.2837178151021108,2152.48899181843,24.032572156342724,6.215307504605221,-345.0152321112091,32.26647706315345,17.416282513803168,32.19824250272207,15.890467130695127,25.65965117855447,13.729005770733327,4.848736062153477,1.800935970852619,11.57724395348524,3.2688418337298493,23.302383512829294,6.560844520014104
225.88498655866601,29.777055690030608,53.289964780537154,4921771.691490499,0.2110045741698363,96183933690.8641,0.26763317367903106,1965.1322023898383,-6.917157357809792,-444.61477325100174,382.5959973837547,0.5430330730677647,0.24279798024167532,0.622598068144779,0.3163446107437495,0.42816208121017507,0.2156256194064091,0.10674247253521629,0.04461538889341187,0.5731007805412398,0.1615621736615728,0.04289140232221122,0.014410556369377443
259.02160701289824,32.048321433165626,60.40726658537579,11850429.936598202,0.403531171672653,16192282784.076363,0.22430314146348113,1478.96488430782,-22.12739200631906,430.20242237098375,-112.22804060666272,63.21556130683635,35.52272673229766,66.99718536270049,33.55238008188092,56.666151809203086,24.336409114745734,9.484381130822953,3.125758996129116,11.31694847505615,3.900761310592675,79.68056341428108,22.327009407296096
284.26862970088166,64.03103982727191,114.93169168615563,14217617.941651182,0.7608181729928472,44252226285.53343,0.27305233016644853,2065.8739214717466,-15.527026567674474,494.1443361523054,-328.1354018037652,68.64973151480277,38.788375742947224,70.78575939145045,36.2036664949956,52.19973812085403,29.9261432009428,10.58599499392915,3.3552217525384305,10.789038425880523,3.477714652285889,60.89176139030306,17.112968358104116
235.62283088057234,62.669035498298435,219.421108365503,4477442.421694625,0.4852427944696249,36647775031.138664,0.27876368952198494,1043.6448261011437,6.464053431349704,-381.17842421985944,400.2171974174656,123.18491674149416,54.219701832733904,168.88511369260502,69.48782571169113,112.85855071023087,37.91543458237339,58.59174481004251,24.44631476341923,201.23035949900233,57.156582870525106,17.607093196739974,7.022744229444709
132.5538437755897,22.597387156134538,158.139537906422,14340386.54600606,0.46345970167325223,91130203845.41582,0.3114880759176042,3505.6903185712167,-21.008656300227603,122.07203827603792,-41.344849130326224,0.9334257856458578,0.5504154572378822,0.9360790158558954,0.5481059849299796,0.8464392967085432,0.5151424586245351,0.02164098370174363,0.008464118432519792,0.13472250343205397,0.03807069863176203,0.23314638173021154,0.06537076849695078
211.80950017615555,32.12871313421646,70.2544878888079,4149450.4401149084,0.8882236400866406,76841282852.65213,0.30089737629874513,2806.772617531303,-0.4688107676944355,283.2524418493871,276.78848592035786,1.219630337582065,0.7284563931733306,1.2274820916673954,0.7226748655661545,1.3000850249050848,0.6744079225281073,0.04755799117068249,0.013895393012648291,0.10292048778820095,0.03139953999670414,0.13188224227580297,0.04015053342352223
71.64849118102188,61.30611393120101,71.701096283098,16486564.814496715,0.8599895472338566,67298225401.107025,0.29497290404765214,3762.864091468955,11.420953821773459,401.07726854051623,439.9800298572875,1.5337330539417622,0.9036872183675322,1.518159185360208,0.886689434539895,1.3574326781694583,0.7828313633883159,0.06709848923824982,0.021718697137280786,0.0306739726868586,0.013285771292275131,0.04546739662964124,0.02017691614358849
258.49875889683597,35.68157496672414,294.8899645272581,2963445.0372754196,0.5657293755590824,37921089307.17597,0.25172519384082753,4737.550776626094,-24.107004288702893,406.4035521606319,66.65408539498014,1.6585787998663828,0.9890212025524558,1.6664557834398264,0.9940838529508645,1.1192787092937868,0.6901584040282197,0.023919910345448096,0.008120630441004688,0.020343100825220235,0.009428115317671914,0.16983999970376457,0.0476867084417515
105.81912038769559,20.189300860865117,109.34795499781157,5690863.220354808,0.43304728026089023,10690525846.214918,0.24980827735747366,3987.144252468067,-18.648503817674623,-286.02179408747486,-448.9959645935658,1.2002348608853506,0.679200074761395,1.2166143815379633,0.6736455407560274,0.8061772237674434,0.4638777734163028,0.10014781660086815,0.04142727781311828,0.2846348844074101,0.08033284851910008,0.3629649957655818,0.10209795775709245
181.5625240554614,95.479737178345,292.26170430805314,7003510.330576994,0.3754965890368013,27012061030.341366,0.2077900754528277,2373.4878247025385,25.932428207981204,365.65492515048277,99.25605865687191,60.33887618389841,35.45290787130355,60.490735120768356,35.588380800459234,54.70405910318521,22.90603011239751,2.9442924412659806,0.9775294566773705,2.421342621280144,0.9358849032585689,21.367285257012526,6.004707620135411
154.2498209458583,86.42832243611517,72.71950441776757,8116775.200541189,0.8119984015957724,62654739815.60312,0.25587391407768306,1619.27108406113,21.557568198789895,-111.61301850026797,45.22907670567963,31.611292534252108,16.049676742563893,31.18318257262995,17.606063933707365,24.78280627962758,12.936459148589666,8.223842037432883,2.4575429525680006,29.11227509889327,8.194461076515129,20.98680411660887,5.907532215731204
187.47285247214643,13.552956405878817,67.68069174040413,3200281.01015329,0.7058624333105608,99058816685.96266,0.32062367241352735,4006.7469271648297,-19.590960580620347,-254.37992241978955,126.51261497706685,0.06636989208002488,0.038102338006640285,0.06703361935534213,0.03959303979941615,0.06302593652464769,0.03757164571834763,0.0017006073532018987,0.0006933720297648614,0.01857137271183079,0.0052325713703296455,0.007749393445002854,0.0021889379552253205
112.92671920082859,56.52174284965967,188.13668267746976,13644016.712689025,0.6664679581502725,74837154669.46098,0.21581219640483407,4249.6947867957315,-1.6351097494983513,238.8763726600406,-254.7306951166834,3.107391790748886,1.8305532700494072,3.090587724734184,1.7948349228826717,1.712803903049378,1.0450242755308838,0.06048205172974447,0.024971230585101714,0.14187210185744442,0.041326683954086826,0.6922725345899644,0.19425242361899875
267.53976411332377,19.617601437167874,121.70609025637333,16911906.780123636,0.3891492766987686,92504255963.92227,0.20360920651144981,1553.5110420444396,-17.39377843468223,-162.70972139259572,207.02076743172847,18.127450150062895,8.498484553555647,19.007259830354887,10.069646362029818,14.455306039206487,5.967803802034902,3.134544596568233,1.1095979987873397,19.220375741053804,5.401832010888642,6.532154849788614,1.8875772221588072
107.37918390537975,49.81642768706452,259.8917143445748,5055958.123450406,0.6133033308202176,52663159948.2774,0.22210828824451867,3938.0833676696907,-25.344466080820638,269.79521838122014,405.9576032624095,2.119892423061028,1.2683784088085004,2.1168553505617203,1.2442613274845626,1.3954037064505544,0.766494038961542,0.05217926159909437,0.01663257228771591,0.09665521183919781,0.02884242395859891,0.052119703874192146,0.018615057864309458
