time_s,strain_1,strain_2,strain_3,strain_4,strain_5,strain_6,strain_7,strain_8,strain_9,strain_10,strain_11,strain_12,strain_13,strain_14,strain_15,strain_16
0.0,-4.333638627378642e-09,2.877998632935221e-09,3.1968009021700734e-09,1.5707119640582154e-08,4.399089403535642e-09,-2.390382995195338e-09,-2.5937481479274327e-09,1.5692870584234605e-08,5.464225177191628e-12,-3.057712231922801e-09,3.3450700602028005e-09,-9.912997694686678e-11,-7.004362795063493e-11,-2.9584014880385266e-10,-4.4195384279221713e-10,-2.6225415434133103e-08
25.0,-0.0070023162729931105,0.005140211354854944,0.005268691775169433,0.025931554273984837,0.007126035707850408,-0.00402447232375977,-0.0041812311041302536,0.02588819859762032,3.8675668388420204e-05,-0.005349036045560674,0.005526537846198966,-0.00014966238029242277,-0.00012650993241833787,-0.0007375331917486664,-0.0008048159984865966,-0.043249343116569826
50.0,-0.014320786109275332,0.010512502823141263,0.010775264286006017,0.053033914816277186,0.01457381090513411,-0.008230649093593344,-0.008551244179362335,0.05294524594790238,7.90975568961209e-05,-0.010939580556271804,0.011302598152562716,-0.0003060819885307669,-0.0002587317785469406,-0.0015083660679093861,-0.0016459693811380802,-0.08845138836233607
75.0,-0.02163925594555729,0.015884794291427577,0.016281836796842745,0.08013627535856947,0.022021586102417785,-0.012436825863426969,-0.012921257254593876,0.08000229329818437,0.00011951944540367678,-0.016530125066982954,0.01707865845892653,-0.00046250159676909566,-0.00039095362467742717,-0.002279198944067831,-0.0024871227637992053,-0.13365343360809362
100.0,-0.028957725781839434,0.02125708575971384,0.021788409307679345,0.10723863590086172,0.029469361299701444,-0.016643002633260476,-0.01729127032982601,0.10705934064846633,0.00015994133391136314,-0.0221206695776941,0.022854718765290254,-0.0006189212050075008,-0.0005231754708042237,-0.003050031820224001,-0.0033282761464579528,-0.17885547885384703
100.0,-0.028957725781839434,0.02125708575971384,0.021788409307679345,0.10723863590086172,0.029469361299701444,-0.016643002633260476,-0.01729127032982601,0.10705934064846633,0.00015994133391136314,-0.0221206695776941,0.022854718765290254,-0.0006189212050075008,-0.0005231754708042237,-0.003050031820224001,-0.0033282761464579528,-0.17885547885384703
7444.897959183673,-1.8758688311336205,1.4934639083792747,1.4864882892564801,6.827399885125829,1.9625168164431368,-1.056797131694815,-1.0790161916369785,6.783286434248531,0.01875882881632838,-1.4837983872492921,1.509529682289794,-0.04545039962421072,-0.07725193561875834,-0.30689149499279866,-0.30925132768215374,-11.329549509437737
14789.795918367347,-3.537606815229762,2.982058017234668,2.9398125675618108,12.761919291938106,3.7771709591034863,-1.9175896545753328,-1.928521601904714,12.559494138413282,0.05937576069870523,-2.829043431480218,2.887268706507971,-0.1184873331373453,-0.20747249357892766,-0.7722042051559599,-0.7801754221725803,-21.04402046773446
22134.69387755102,-5.100730342148256,4.481789688634511,4.388412794249296,18.31505466112333,5.503718704186997,-2.6746027078956756,-2.6340727134583615,17.842137020832876,0.12411084184758392,-4.102291075152486,4.207578360106879,-0.221448629299424,-0.34581055093775176,-1.3331510626828416,-1.3658276605124755,-30.02041159940875
29479.591836734693,-6.622623025675894,5.985516630275204,5.834404600293673,23.71096216564056,7.191641486672382,-3.388357217641751,-3.2781072276745276,22.918422573414524,0.19957968551394922,-5.344907510088946,5.5037975306698845,-0.33752139585854163,-0.48609096069796015,-1.9335059604519562,-2.000055683403194,-38.69065146432845
36824.489795918365,-8.109436433145987,7.485363791932184,7.2748394871290145,28.982338067537068,8.843388504726935,-4.070089966878485,-3.8673490261993044,27.829412602355557,0.28638036937715944,-6.559854628784696,6.7794870764201125,-0.46377838099804064,-0.6254079910406,-2.55804354621167,-2.6752309652843747,-47.12030402573234
44169.38775510204,-9.517498278085906,8.976501003717608,8.702799314050102,33.97414553493435,10.413922387995584,-4.67993515290147,-4.333583383838301,32.369320835178755,0.39862057828593195,-7.712685246429391,8.009088440945817,-0.6128985268549393,-0.7625622733779557,-3.236870292960264,-3.442331195144819,-55.00984777629589
51514.28571428571,-10.925560123025912,10.46763821550303,10.130759140971188,38.965953002331645,11.984456271264241,-5.289780338924447,-4.7998177414772245,36.909229068001956,0.5108607871946969,-8.865515864074098,9.2386898054715,-0.7620186727118511,-0.8997165557149938,-3.9156970397099164,-4.209431425006388,-62.89939152686453
58859.183673469386,-12.333621967965827,11.958775427288462,11.55871896789227,43.95776046972893,13.554990154532893,-5.899625524947428,-5.266052099116162,41.44913730082515,0.6231009961034786,-10.018346481718812,10.46829116999722,-0.9111388185687462,-1.036870838051337,-4.594523786460204,-4.976531654866951,-70.78893527743084
66204.08163265306,-13.741683812905737,13.449912639073888,12.986678794813361,48.94956793712622,15.12552403780155,-6.509470710970431,-5.732286456755224,45.98904553364836,0.7353412050122408,-11.171177099363511,11.697892534522904,-1.0602589644256515,-1.174025120388322,-5.27335053320901,-5.743631884726879,-78.67847902799588
73548.97959183673,-15.102306141350741,14.926225174176661,14.404574586475023,53.78235436650437,16.648961310556963,-7.083702159325551,-6.126001875902644,50.326663319676236,0.864044783582099,-12.285954064880166,12.900012273521774,-1.2188431974684688,-1.3115172930122019,-5.971473154597902,-6.563298779101407,-86.27274177936522
80893.8775510204,-16.43167886458012,16.392772321096555,15.815840944450017,58.51038963005636,18.141374858909757,-7.634473941044151,-6.471947242445201,54.531027289723106,1.003593198702673,-13.375664130607857,14.08402917311896,-1.3836616632804515,-1.4492320424838472,-6.6823064549611475,-7.4175926603168385,-93.6724954941026
88238.77551020408,-17.761051587809483,17.859319468016462,17.227107302425004,63.23842489360834,19.63378840726254,-8.185245722762664,-6.817892608987864,58.73539125976999,1.1431416138232295,-14.46537419633559,15.26804607271618,-1.5484801290924455,-1.5869467919539042,-7.393139755325028,-8.271886541535023,-101.07224920883152
95583.67346938775,-19.090424311038817,19.325866614936345,18.638373660400003,67.96646015716031,21.12620195561533,-8.736017504481184,-7.16383797553044,62.93975522981685,1.2826900289437952,-15.555084262063325,16.452062972313396,-1.7132985949044228,-1.7246615414239612,-8.10397305569018,-9.126180422752572,-108.47200292357061
102928.57142857142,-20.419797034268182,20.792413761856224,20.049640018374983,72.69449542071229,22.618615503968115,-9.286789286199712,-7.509783342072958,67.14411919986374,1.4222384440643634,-16.64479432779104,17.636079871910646,-1.878117060716409,-1.8623762908938064,-8.814806356055753,-9.980474303967632,-115.87175663830249
110273.4693877551,-21.749169757497548,22.258960908776118,21.460906376349968,77.42253068426429,24.111029052320912,-9.837561067918212,-7.855728708615687,71.34848316991061,1.5617868591848805,-17.734504393518748,18.820096771507806,-2.042935526528393,-2.000091040366471,-9.525639656417939,-10.834768185183831,-123.27151035303353
117618.36734693877,-23.078542480726856,23.725508055696007,22.872172734324938,82.15056594781626,25.6034426006737,-10.388332849636752,-8.201674075158152,75.55284713995748,1.7013352743054242,-18.824214459246466,20.004113671105085,-2.207753992340382,-2.137805789835694,-10.236472956782244,-11.689062066403366,-130.6712640677595
124963.26530612244,-24.394679760874933,25.184439401852075,24.279724052977492,86.83757061824292,27.084609098406926,-10.932022639802064,-8.529644003025023,79.71098492593406,1.8451713519251203,-19.903489104631706,21.180453414366664,-2.372989958998389,-2.277223756820553,-10.947775921858941,-12.555690049422557,-138.00149780671845
132308.16326530612,-25.6712859767875,26.62062419488165,25.676179448570263,91.40202684034789,28.532183378805854,-11.454560235720049,-8.80392564734985,83.73105629126812,2.001813639403775,-20.9515956758279,22.333863350262725,-2.5394728996081883,-2.4217288221906217,-11.660481661726633,-13.459157008507203,-145.1240922085152
139653.0612244898,-26.94789219270007,28.056808987911214,27.07263484416303,95.96648306245282,29.979757659204786,-11.977097831638021,-9.078207291674412,87.75112765660216,2.1584559268823282,-21.999702247024018,23.48727328615886,-2.705955840217974,-2.5662338875573556,-12.37318740159856,-14.362623967595452,-152.2466866103094
146997.95918367346,-28.2244984086126,29.492993780940804,28.469090239755843,100.53093928455775,31.427331939603707,-12.499635427555965,-9.352488935999068,91.77119902193621,2.3150982143609555,-23.047808818220183,24.64068322205487,-2.8724387808277765,-2.710738952922554,-13.085893141464558,-15.266090926677347,-159.36928101210958
154342.85714285713,-29.501104624525226,30.929178573970372,29.86554563534865,105.09539550666268,32.87490622000264,-13.022173023474023,-9.626770580323868,95.79127038727027,2.4717405018395207,-24.09591538941629,25.79409315795099,-3.0389217214375623,-2.8552440182909815,-13.798598881331827,-16.16955788576517,-166.49187541390125
161687.7551020408,-30.777710840437678,32.36536336699993,31.262001030941374,109.65985172876766,34.322480500401554,-13.544710619391957,-9.901052224648485,99.81134175260432,2.628382789318168,-25.144021960612434,26.947503093847036,-3.205404662047369,-2.9997490836543004,-14.511304621198672,-17.07302484484828,-173.61446981570816
169032.6530612245,-32.05431705635022,33.8015481600295,32.65845642653416,114.22430795087261,35.77005478080048,-14.067248215309915,-10.175333868973377,103.83141311793838,2.785025076796849,-26.19212853180856,28.100913029743076,-3.3718876026571447,-3.1442541490224105,-15.224010361064245,-17.976491803931395,-180.73706421750495
176377.55102040817,-33.33092327226288,35.237732953059115,34.054911822126975,118.78876417297757,37.2176290611994,-14.589785811227953,-10.449615513297966,107.85148448327244,2.9416673642753493,-27.24023510300473,29.2543229656392,-3.5383705432669545,-3.288759214385544,-15.936716100934902,-18.879958763020063,-187.85965861929748
183722.44897959183,-34.56902397312551,36.650438700864854,35.438658673997544,123.23629323380824,38.636495873887334,-15.091974410266852,-10.67950974301834,111.75027400583583,3.107196175784237,-28.259635685108556,30.384273794023674,-3.7034030470830346,-3.4415346035189844,-16.649509951482166,-19.81149650882184,-194.7926455141504
191067.3469387755,-35.802788597034976,38.06050049112991,36.82097442636266,127.6706552153634,40.052129960329026,-15.59187152414377,-10.904405539521516,115.63540607173104,3.2737256920490743,-29.27580370747238,31.511582910038207,-3.868272218307799,-3.595241307566081,-17.36231372410646,-20.74619528470396,-201.70428085094156
198412.24489795917,-37.03655322094448,39.4705622813949,38.20329017872783,132.10501719691854,41.46776404677074,-16.0917686380207,-11.129301336024403,119.52053813762625,3.4402552083139524,-30.291971729836177,32.63889202605264,-4.033141389532577,-3.74894801160934,-18.07511749672398,-21.68089406059354,-208.61591618769629
205757.14285714284,-38.270317844854034,40.88062407165991,39.58560593109301,136.53937917847372,42.883398133212424,-16.59166575189763,-11.35419713252758,123.40567020352148,3.606784724578724,-31.30813975219997,33.766201142067025,-4.198010560757366,-3.902654715655114,-18.78792126934827,-22.615592836472164,-215.5275515244739
213102.04081632654,-39.504082468763485,42.290685861924885,40.96792168345813,140.97374116002885,44.29903221965413,-17.091562865774616,-11.579092929030491,127.29080226941669,3.773314240843665,-32.32430777456374,34.89351025808155,-4.362879731982143,-4.056361419697896,-19.50072504196833,-23.5502916123528,-222.43918686124303
220446.9387755102,-40.73784709267299,43.700747652189946,42.3502374358233,145.40810314158406,45.71466630609582,-17.59145997965161,-11.80398872553351,131.1759343353119,3.9398437571084246,-33.340475796927585,36.02081937409595,-4.527748903206922,-4.210068123745205,-20.21352881459347,-24.48499038823873,-229.35082219802402
227791.83673469388,-41.971611716582466,45.11080944245491,43.73255318818845,149.84246512313922,47.130300392537514,-18.091357093528476,-12.028884522036421,135.0610664012071,4.106373273373205,-34.356643819291364,37.148128490110295,-4.6926180744316905,-4.363774827788226,-20.926332587211835,-25.419689164118623,-236.26245753478807
235136.73469387754,-43.185978352820946,46.508600223673334,45.1073534260538,154.21948314802046,48.53280256181415,-18.580801674200924,-12.234796700649936,138.89060369767742,4.275661901835983,-35.35901911263821,38.262911338484216,-4.855864813860878,-4.522735823387319,-21.638904478517308,-26.36485723205629,-243.08372106751273
242481.6326530612,-44.38426399601483,47.896218299636494,46.475923278662385,158.54896285170886,49.924418330286215,-19.061581071834514,-12.424971400076988,142.6740527547089,4.447237843024718,-36.34996019006823,39.36730987142225,-5.01776655220741,-4.686052643284198,-22.351284139457924,-27.318704376169787,-249.83006608926726
249826.53061224488,-45.5825496392089,49.283836375599584,47.84449313127088,162.87844255539724,51.316034098758294,-19.54236046946813,-12.615146099504122,146.4575018117404,4.618813784213473,-37.34090126749832,40.47170840436009,-5.17966829055394,-4.849369463175967,-23.063663800407856,-28.272551520283706,-256.5764111109862
257171.42857142855,-46.78083528240306,50.671454451562774,49.21306298387946,167.20792225908568,52.70764986723039,-20.023139867101772,-12.805320798931254,150.2409508687719,4.790389725402262,-38.33184234492844,41.576106937297936,-5.34157002890047,-5.01268628307663,-23.776043461360327,-29.22639866439254,-263.3227561327475
264516.32653061225,-47.97912092559701,52.059072527525856,50.58163283648805,171.53740196277417,54.09926563570245,-20.503919264735483,-12.995495498358121,154.0243999258034,4.961965666591068,-39.32278342235846,42.680505470235836,-5.503471767246975,-5.176003102967923,-24.488423122300944,-30.180245808506037,-270.0691011544732
271861.2244897959,-49.17740656879134,53.446690603489046,51.95020268909655,175.86688166646258,55.490881404174566,-20.984698662368995,-13.185670197785255,157.80784898283488,5.133541607779811,-40.313724499788556,43.78490400317386,-5.665373505593525,-5.339319922858051,-25.20080278324579,-31.134092952616037,-276.8154461762345
279206.1224489796,-50.37569221198549,54.834308679452164,53.31877254170517,180.196361370151,56.88249717264663,-21.465478060002596,-13.375844897212176,161.59129803986642,5.305117548968691,-41.30466557721865,44.88930253611174,-5.827275243940016,-5.502636742758238,-25.913182444194877,-32.08794009671947,-283.5617911979822
286551.02040816325,-51.57131643416533,56.22031407333896,54.68625359109367,184.51808390422815,58.27244531106342,-21.944728463556775,-13.56374792188105,165.36753370861047,5.47688073623577,-42.29378754114307,45.99190468219466,-5.988902178946487,-5.666781326674713,-26.625642755583392,-33.042887643117574,-290.2959844041468
293895.9183673469,-52.75376907942352,57.59833817982145,56.04834606975739,188.80141561036817,59.654140220309685,-22.416411758028502,-13.740408253771879,169.10806976493606,5.6495706187205155,-43.27390657267163,47.08561637182123,-6.14916909112577,-5.835022578263993,-27.338502212192605,-34.003281164906674,-296.97003734215593
301240.8163265306,-53.93259921384486,58.97416723401168,57.40895655761906,193.07418888519268,61.03356528652287,-22.886013909534533,-13.913976565879333,172.83878754106397,5.822515365409245,-44.25154957415738,48.17688296508212,-6.309061963244447,-6.0043905152287715,-28.05147144364328,-34.96517246520252,-303.6275502125012
308585.71428571426,-55.107806837429386,60.34780123590962,58.76808505467855,197.33640372870155,62.41072050970297,-23.35353491807526,-14.084452858202408,176.55968703699403,5.9957149763020015,-45.226716545600375,49.26570446197763,-6.468580795302557,-6.1748851375694205,-28.76455044994474,-35.92856154400945,-310.2685230152064
315930.61224489793,-56.27939195017701,61.71924018551522,60.125731560935996,201.58806014089495,63.78560588984994,-23.818974783650116,-14.251837130742055,180.2707682527263,6.169169451398676,-46.199407487000485,50.35208086250746,-6.6277255873000165,-6.346506445277947,-29.47773923110291,-36.89344840132068,-316.8929557502817
323275.5102040816,-57.447354552087646,63.08848408282854,61.48189607639137,205.82915812177265,65.15822142696383,-24.282333506259466,-14.416129383497587,183.97203118826076,6.342878790699368,-47.169622398357895,51.43601216667188,-6.786496339236941,-6.519254438358531,-30.19103778709492,-37.85983303715984,-323.500848417722
330620.4081632653,-58.61169464316106,64.45553292784952,62.836578601044586,210.05969767133493,66.52856712104465,-24.743611085903268,-14.57732961646927,187.6634758435975,6.5168429942042545,-48.13736127967257,52.51749837447058,-6.9448930511132145,-6.693129116827797,-30.904446117950425,-38.82771545149398,-330.0922010174917
337965.306122449,-59.77241222339778,65.82038672057813,64.18977913489579,214.27967878958157,67.89664297209232,-25.202807522581484,-14.7354378296575,191.34510221873637,6.69106206191308,-49.102624130944236,53.59653948590378,-7.102915722928906,-6.868130480655093,-31.617964223642307,-39.79709564434153,-336.6670135496619
345310.20408163266,-60.443021682945954,66.72610369682349,65.0977561172626,216.75126744043294,68.73165117650892,-25.419692704047346,-14.669574903673142,193.36164247976077,6.844522010627057,-49.67185240216921,54.26384595162789,-7.229207471128599,-7.006490684761321,-32.16835959135391,-40.592283102983366,-340.41052461064197
352655.10204081633,-60.889357596693635,67.42237453020964,65.80298711943458,218.42408343350297,69.32364020769946,-25.525537665807974,-14.500437742217835,194.6175990662994,6.988705694468323,-50.06010172441906,54.743069429888465,-7.3409029110862285,-7.128847542146229,-32.64482878676306,-41.30928192662538,-342.8608288243548
359900.0,-61.188031443038,67.97736172676528,66.37125650997767,219.57068398105272,69.75473605926267,-25.559739360424143,-14.267901528602707,195.37716830448989,7.125213466792738,-50.32897030224285,55.097240320386454,-7.441813929714071,-7.2399259814787245,-33.068602533467256,-41.968135445006446,-344.4629026492365
359950.0,-61.189604144419,67.98073710352949,66.37473888757562,219.57685991641597,69.7571838452592,-25.559733153262705,-14.266069983608025,195.38075652218615,7.1261358492752205,-50.33043216680809,55.09927559325346,-7.4424783915825445,-7.240659409121055,-33.07136771776275,-41.972515505292435,-344.4711473405584
360000.0,-61.19117014839556,67.98410624557218,66.37821524066744,219.5830120375552,69.75962440178441,-25.559723625327845,-14.264235330720421,195.38432206814846,7.127057961521928,-50.33188863435034,55.10130525939212,-7.443142415250414,-7.241392382061329,-33.074130716260925,-41.97689327689392,-344.4793534861027
360050.0,-61.192729454967264,67.98746915289354,66.38168556925311,219.5891403444703,69.76205772883829,-25.559710776619713,-14.262397569940818,195.38786494237667,7.127979803533126,-50.33333970486991,55.1033293188026,-7.443806000717625,-7.242124900287741,-33.07689152896432,-41.981268759825824,-344.4875210858847
360100.0,-61.194282064134704,67.99082582549343,66.38514987333265,219.5952448371614,69.7644838264208,-25.55969460713813,-14.260556701267816,195.3913851448709,7.128901375308591,-50.3347853783666,55.10534777148465,-7.444469147984209,-7.242856963829408,-33.079650155873786,-41.98564195406899,-344.4956501398756
360100.0,-61.194282064134704,67.99082582549343,66.38514987333265,219.5952448371614,69.7644838264208,-25.55969460713813,-14.260556701267816,195.3913851448709,7.128901375308591,-50.3347853783666,55.10534777148465,-7.444469147984209,-7.242856963829408,-33.079650155873786,-41.98564195406899,-344.4956501398756
363771.4285714286,-61.2899866643393,68.22026455045514,66.62306625656144,219.97841446049088,69.92287351171282,-25.54943298711853,-14.116891742068196,195.58791598982683,7.195832630668026,-50.426191257391935,55.23823896839162,-7.491965680973744,-7.2953688285046825,-33.27623930702833,-42.300505328765496,-344.98722510872494
367442.85714285716,-61.34958049950914,68.41608718449486,66.8284999780188,220.23318361972727,70.0422836580763,-25.521266570559956,-13.956469786270485,195.66220639715672,7.2613068418620745,-50.488497710919326,55.340900059283335,-7.537099543521768,-7.345429051775377,-33.461043193620725,-42.60302869544041,-345.270970730545
371114.28571428574,-61.37306356964502,68.57829372761255,67.00145103770504,220.35955231487065,70.12271426551115,-25.475195357463285,-13.77929083387445,195.6142563668606,7.325324008890714,-50.52170473894854,55.413331044159804,-7.57987073562819,-7.393037633658592,-33.634061815652686,-42.89321205410845,-345.3468870053628
374785.71428571426,-61.36043587474611,68.70688417980824,67.1419194356198,220.357520545921,70.1641653340175,-25.41121934782761,-13.585354884878816,195.44406589893836,7.387884131753801,-50.5258123414799,55.455531923021,-7.620279257293104,-7.43819457414411,-33.79529517312843,-43.17105540474378,-345.214973933153
378457.14285714284,-61.311697414812855,68.80185854108197,67.24990517176322,220.22708831287835,70.16663686359533,-25.329338541653467,-13.374661939285463,195.15163499339013,7.448987210451342,-50.500820518513116,55.467502695866784,-7.658325108516424,-7.48089987322542,-33.944743266042884,-43.43655874736367,-344.8752315139494
382128.5714285714,-61.22684818984544,68.8632168114337,67.32540824613542,219.96825561574252,70.13012885424453,-25.22955293894056,-13.147211997092883,194.73696365021573,7.50863324498365,-50.44672927004842,55.44924336269741,-7.694008289298232,-7.521153530913691,-34.08240609439689,-43.68972208197139,-344.32765974776055
385800.0,-61.10588819984342,68.89095899086338,67.36842865873632,219.58102245451374,70.0546413059652,-25.11186253968889,-12.903005058302083,194.20005186941532,7.566822235350427,-50.36353859608573,55.40075392351278,-7.727328799638501,-7.558955547189918,-34.20828365820655,-43.93054540854735,-343.57225863451356
389471.4285714286,-60.94881744480663,68.88508507937108,67.37896640956575,219.06538882919187,69.94017421875736,-24.976267343898698,-12.642041122912348,193.54089965098888,7.62355418155166,-50.251248496625,55.32203437831309,-7.7582866395371894,-7.59430592208576,-34.32237595744644,-44.159028727116336,-342.6090281742796
393142.85714285716,-60.75683427698675,68.84652225602655,67.35793937484571,218.42568270053607,69.78799393147739,-24.823456355650443,-12.365080994113937,192.76388888065017,7.678813452546743,-50.11081311263512,55.21403592838976,-7.78688996856669,-7.62726397906309,-34.42484376036248,-44.37528361881958,-341.4452057236908
396814.28571428574,-60.742024159688086,68.93936350964027,67.46779411696427,218.42787047093213,69.82221823817729,-24.7753701391497,-12.206772307267387,192.6445296479567,7.729833652606085,-50.111097174180685,55.24510303713826,-7.814582875207579,-7.668328841588893,-34.54413997343099,-44.59905781417329,-341.36166519410267
400485.7142857143,-60.71839089480571,69.01970141921875,67.56606710952714,218.40020954897497,69.84629874288626,-24.72506840257439,-12.049030834106782,192.50270967174623,7.779040874872145,-50.10400850513347,55.26759979554552,-7.840098912609018,-7.70829291469278,-34.65531176703667,-44.81303280986962,-341.23509679312656
404157.14285714284,-60.685934482340556,69.08753598476208,67.65275835253428,218.3426999346645,69.86023544560426,-24.672551145924864,-11.891856574631378,192.33842895201883,7.8264351193448345,-50.08954710549331,55.28152620361128,-7.8634380807710365,-7.74715619835617,-34.758359141178694,-45.017208605906966,-341.0655005206709
407828.5714285714,-60.64465492229217,69.14286720627017,67.72786784598574,218.2553416280007,69.8640283463313,-24.617818369200954,-11.73524952884213,192.15168748877454,7.872016386024176,-50.06771297526022,55.28688226133582,-7.8846003796935555,-7.784918692585417,-34.853282095856194,-45.21158520227316,-340.85287637676123
411500.0,-60.59455221466042,69.18569508374308,67.79139558988139,218.13813462898366,69.85767744506735,-24.560870072402665,-11.579209696737292,191.9424852820133,7.915784674910178,-50.03850611443437,55.28366796871896,-7.903585809376572,-7.82158039738036,-34.94008063106325,-45.39616259897434,-340.5972243614246
415171.4285714286,-60.53562635944599,69.21601961718073,67.84334158422142,217.99107893761337,69.84118274181249,-24.50170625553005,-11.423737078318025,191.7108223317352,7.95773998600292,-50.00192652301553,55.271883325760896,-7.920394369820127,-7.85714131275127,-35.01875474680665,-45.57094079601623,-340.29854447461685
418842.85714285716,-60.46787735664796,69.23384080658307,67.8837058290057,217.81417455388976,69.81454423656665,-24.440326918583054,-11.268831673584517,191.4566986379402,7.997882319301972,-49.95797420100396,55.251528332461405,-7.935026061024287,-7.891601438676971,-35.0893044430779,-45.73591979339343,-339.95683671638557
422514.28571428574,-60.39130520626693,69.23915865195039,67.91248832423436,217.60742147781284,69.77776192932981,-24.376732061561682,-11.114493482536238,191.1801142006282,8.036211674808,-49.906649148399424,55.2226029888207,-7.947480882988903,-7.924960775182134,-35.15172971989904,-45.89109959109608,-339.5721010867019
426185.7142857143,-60.305909908302766,69.23197315328235,67.92968906990717,217.37081970938263,69.73083582010207,-24.310921684466006,-10.960722505173452,190.88106901979933,8.072728052520604,-49.84795136520206,55.1851072948387,-7.957758835714066,-7.95721932224664,-35.206030577242956,-46.036480189153416,-339.1443375855607
429857.14285714284,-60.211691462755304,69.21228431057915,67.93530806602435,217.10436924859917,69.67376590888334,-24.24289578729619,-10.807518741496214,190.55956309545357,8.107431452439869,-49.78188085141165,55.139041250515305,-7.965859919199748,-7.9883770798861615,-35.252207015118124,-46.17206158753705,-338.67354621298074
433528.5714285714,-60.108649869624756,69.18009212384075,67.92934531258578,216.80807009546248,69.60655219567364,-24.172654370051678,-10.654882191503992,190.21559642759087,8.140321874565716,-49.708437607028664,55.08440485585072,-7.971784133445957,-8.018434048085291,-35.29025903353978,-46.29784378624149,-338.15972696896694
437200.0,-59.99678512891122,69.13539659306707,67.91180080959157,216.48192224997243,69.52919468047298,-24.100197432732944,-10.502812855197185,189.84916901621128,8.171399318898342,-49.62762163205259,55.02119811084488,-7.975531478452734,-8.047390226860335,-35.32018663248423,-46.41382678529903,-337.6028798535161
440871.4285714286,-59.87609724061407,69.07819771825824,67.88267455704168,216.12592571212917,69.44169336328139,-24.025524975339803,-10.351310732575843,189.46028086131474,8.200663785437486,-49.53943292648355,54.949421015497755,-7.977101954220015,-8.075245616187313,-35.34198981197517,-46.52001058468033,-337.0030048665755
444542.85714285716,-59.74658620473405,69.00849549941422,67.84196655493598,215.74008048193247,69.34404824409881,-23.94863699787247,-10.200375823640076,189.04893196290132,8.228115274183205,-49.44387149032192,54.86907356980905,-7.976495560747799,-8.102000216100262,-35.35566857198295,-46.61639518441535,-336.3601020082232
448214.2857142857,-59.62170347359274,68.93722223934505,67.79890431624676,215.3700810825902,69.25226334977542,-23.876571668482214,-10.063620602657988,188.6661520034991,8.251107961839015,-49.352626234842255,54.78995764312888,-7.972833909439563,-8.129734875275668,-35.36373351752544,-46.69898884472928,-335.7523939246015
451885.7142857143,-59.52544119961343,68.88733720823492,67.77353401668945,215.0973486089874,69.1946541525553,-23.82032433674493,-9.959162490980527,188.39581309219363,8.267225309244727,-49.28635464054842,54.73094528251765,-7.96633673322589,-8.161989648557885,-35.37486593074468,-46.76872954835419,-335.3140262497983
455557.14285714284,-59.42917892563425,68.83745217712483,67.74816371713223,214.82461613538464,69.13704495533517,-23.764077005007728,-9.854704379302799,188.1254741808882,8.283342656650415,-49.22008304625451,54.67193292190647,-7.959839557012219,-8.194244421849948,-35.38599834397663,-46.83847025196967,-334.8756585749884
459228.5714285714,-59.33291665165497,68.78756714601474,67.722793417575,214.55188366178183,69.07943575811508,-23.70782967327068,-9.750246267625576,187.8551352695827,8.29946000405615,-49.153811451960635,54.61292056129526,-7.9533423807984995,-8.226499195131318,-35.397130757202646,-46.90821095560632,-334.43729090016996
462900.0,-59.23665437767601,68.73768211490466,67.6974231180178,214.2791511881791,69.02182656089495,-23.651582341533555,-9.645788155947955,187.58479635827723,8.31557735146175,-49.08753985766675,54.55390820068405,-7.946845204584834,-8.258753968419887,-35.40826317043036,-46.97795165921768,-333.9989232253617
466571.4285714286,-59.14039210369669,68.68779708379448,67.67205281846054,214.00641871457626,68.96421736367483,-23.595335009796326,-9.541330044270387,187.31445744697177,8.33169469886756,-49.02126826337283,54.49489584007277,-7.940348028371152,-8.291008741708033,-35.41939558365468,-47.047692362843534,-333.5605555505416
470242.85714285716,-59.04412982971732,68.63791205268438,67.64668251890329,213.73368624097355,68.9066081664547,-23.539087678059254,-9.436871932592767,187.04411853566634,8.347812046273257,-48.954996669078994,54.43588347946158,-7.933850852157472,-8.323263514986492,-35.43052799687901,-47.117433066467385,-333.1221878757266
473914.28571428574,-58.9478675557384,68.58802702157425,67.62131221934602,213.46095376737077,68.84899896923456,-23.482840346322075,-9.332413820915331,186.77377962436083,8.36392939367882,-48.888725074785135,54.37687111885023,-7.927353675943799,-8.355518288271673,-35.44166041010926,-47.187173770077784,-332.6838202009183
477585.7142857143,-58.85160528175888,68.53814199046418,67.59594191978883,213.18822129376798,68.79138977201444,-23.426593014584842,-9.227955709237763,186.5034407130554,8.380046741084614,-48.8224534804913,54.31785875823906,-7.920856499730099,-8.387773061559873,-35.45279282333443,-47.256914473712115,-332.24545252610835
481257.14285714284,-58.75534300777989,68.4882569593541,67.57057162023165,212.91548882016525,68.73378057479431,-23.3703456828478,-9.123497597560142,186.2331018017499,8.396164088490313,-48.756181886197325,54.25884639762784,-7.914359323516382,-8.420027834841719,-35.463925236554516,-47.32665517732675,-331.8070848512899
484928.5714285714,-58.65908073380063,68.438371928244,67.54520132067425,212.64275634656244,68.6761713775742,-23.31409835111062,-9.019039485882523,185.96276289044442,8.412281435896118,-48.689910291903495,54.19983403701676,-7.907862147302716,-8.452282608137011,-35.475057649783075,-47.39639588096171,-331.3687171764461
488600.0,-58.56281845982148,68.38848689713387,67.51983102111703,212.3700238729597,68.61856218035406,-23.257851019373522,-8.914581374204982,185.69242397913897,8.428398783301695,-48.62363869760953,54.14082167640549,-7.901364971089018,-8.484537381415047,-35.48619006301418,-47.466136584573064,-330.9303495016429
492271.4285714286,-58.46655618584212,68.3386018660238,67.49446072155979,212.0972913993569,68.56095298313394,-23.201603687636315,-8.810123262527307,185.4220850678335,8.444516130707367,-48.557367103315734,54.08180931579419,-7.894867794875345,-8.516792154703563,-35.49732247624019,-47.53587728819035,-330.4919818268415
495942.85714285716,-58.37029391186311,68.28871683491367,67.46909042200262,211.82455892575408,68.50334378591384,-23.14535635589911,-8.705665150850004,185.15174615652802,8.460633478113058,-48.491095509021875,54.022796955183,-7.888370618661653,-8.549046927991391,-35.50845488946113,-47.60561799181938,-330.05361415204
499614.2857142857,-58.274031637884,68.23883180380352,67.44372012244527,211.55182645215137,68.44573458869372,-23.08910902416196,-8.601207039172278,184.88140724522253,8.476750825518732,-48.42482391472787,53.963784594571685,-7.881873442447991,-8.581301701276573,-35.519587302693076,-47.67535869543571,-329.61524647720125
503285.7142857143,-58.17772980559963,68.1868573068485,67.41224785197684,211.27676803449694,68.38804606265371,-23.031888399470883,-8.50903226198472,184.61778271805954,8.487136912108383,-48.35939499723664,53.901536095189506,-7.873822872157556,-8.613390783922837,-35.529088453642444,-47.72941160727821,-329.17555778061995
506957.14285714284,-58.08140044120382,68.13342856640574,67.37652868200503,211.0000907873232,68.33030232469444,-22.973990374408146,-8.425406540160337,184.3588313227575,8.493534109031348,-48.29455257282235,53.83703528154051,-7.86469115798286,-8.645364547848397,-35.537454265367415,-47.77254600178315,-328.7349496685398
510628.5714285714,-57.98507107680809,68.07999982596301,67.34080951203332,210.7234135401494,68.27255858673509,-22.91609234934525,-8.341780818334868,184.09987992745545,8.499931305954354,-48.22971014840803,53.77253446789157,-7.855559443808167,-8.677338311781156,-35.54582007709239,-47.81568039629539,-328.2943415564613
514300.0,-57.88874171241204,68.02657108552033,67.30509034206166,210.4467362929756,68.21481484877577,-22.85819432428264,-8.258155096510352,183.8409285321533,8.506328502877315,-48.16486772399372,53.708033654242485,-7.846427729633483,-8.70931207570968,-35.55418588881567,-47.8588147908071,-327.8537334443828
517971.4285714286,-57.792412348016235,67.97314234507755,67.2693711720898,210.17005904580182,68.15707111081647,-22.800296299219795,-8.17452937468573,183.58197713685124,8.512725699800447,-48.10002529957941,53.64353284059357,-7.837296015458772,-8.741285839641593,-35.56255170054148,-47.90194918530251,-327.4131253322805
521642.85714285716,-57.6960829836203,67.91971360463488,67.23365200211813,209.89338179862804,68.09932737285713,-22.742398274157004,-8.090903652860897,183.32302574154917,8.519122896723509,-48.03518287516511,53.57903202694447,-7.828164301284086,-8.773259603567151,-35.570917512254596,-47.94508357980745,-326.97251722017495
525314.2857142857,-57.59975361922427,67.86628486419217,67.19793283214635,209.6167045514543,68.0415836348978,-22.68450024909416,-8.00727793103609,183.06407434624705,8.525520093646499,-47.97034045075079,53.514531213295434,-7.819032587109392,-8.805233367509176,-35.57928332398041,-47.98821797431207,-326.5319091081015
528985.7142857143,-57.50342425482842,67.81285612374947,67.16221366217462,209.34002730428054,67.9838398969385,-22.62660222403134,-7.923652209211176,182.80512295094502,8.531917290569462,-47.90549802633644,53.450030399646394,-7.809900872934672,-8.837207131428013,-35.58764913570623,-48.031352368816805,-326.0913009960247
532657.1428571428,-57.407094890432724,67.75942738330669,67.12649449220284,209.06335005710676,67.92609615897922,-22.568704198968444,-7.8400264873865275,182.54617155564293,8.538314487492638,-47.84065560192218,53.38552958599753,-7.800769158759985,-8.869180895363261,-35.59601494742273,-48.07448676332936,-325.6506928839123
536328.5714285714,-57.310765526036775,67.70599864286399,67.09077532223114,208.78667280993292,67.86835242101989,-22.51080617390573,-7.756400765561932,182.28722016034087,8.544711684415502,-47.775813177507786,53.321028772348505,-7.791637444585306,-8.901154659284638,-35.60438075914347,-48.11762115783399,-325.2100847718338
540000.0,-57.21443616164081,67.6525699024213,67.05505615225943,208.50999556275917,67.81060868306055,-22.45290814884299,-7.672775043736913,182.02826876503877,8.551108881338644,-47.71097075309353,53.25652795869938,-7.782505730410622,-8.93312842322412,-35.61274657087352,-48.16075555234485,-324.76947665976377
